-- phpMyAdmin SQL Dump
-- version 4.9.4
-- https://www.phpmyadmin.net/
--
-- Host: localhost:3306
-- Generation Time: Apr 03, 2020 at 09:01 AM
-- Server version: 10.3.22-MariaDB-log-cll-lve
-- PHP Version: 7.3.6

SET SQL_MODE = "NO_AUTO_VALUE_ON_ZERO";
SET AUTOCOMMIT = 0;
START TRANSACTION;
SET time_zone = "+00:00";


/*!40101 SET @OLD_CHARACTER_SET_CLIENT=@@CHARACTER_SET_CLIENT */;
/*!40101 SET @OLD_CHARACTER_SET_RESULTS=@@CHARACTER_SET_RESULTS */;
/*!40101 SET @OLD_COLLATION_CONNECTION=@@COLLATION_CONNECTION */;
/*!40101 SET NAMES utf8mb4 */;

--
-- Database: `digiplmk_lms_new`
--

-- --------------------------------------------------------

--
-- Table structure for table `password_resets`
--

CREATE TABLE `password_resets` (
  `id` int(11) NOT NULL,
  `Email` varchar(200) NOT NULL,
  `token` varchar(200) NOT NULL
) ENGINE=InnoDB DEFAULT CHARSET=latin1;

--
-- Dumping data for table `password_resets`
--

INSERT INTO `password_resets` (`id`, `Email`, `token`) VALUES
(1, 'niteshwashivale@gmail.com', 'ee9d9180514d2ebb506694c96cdc544fa2960c39f6c77919827e1c3efeae28e33f17602c4ea199a74ac2b593ffc8cf458034'),
(12, 'dnaeducare@gmail.com', 'b896e833691488d96ebe4f1d3cc9f07ffe318ce97f999841b317f8e1263e3d4b9e87461abe64a4688ce929878cfdcc4bd53d'),
(13, 'arena_ghatkopar@yahoo.com', '38f7563b635b9fa87e0a39b6d64f6d00eb0bf5518363aa6ede318e0fab323529a9fb66cb059a195828f32944465f56915564');

-- --------------------------------------------------------

--
-- Table structure for table `subscription`
--

CREATE TABLE `subscription` (
  `id` int(11) NOT NULL,
  `status` tinyint(1) NOT NULL,
  `enddate` date NOT NULL,
  `name` varchar(50) NOT NULL
) ENGINE=MyISAM DEFAULT CHARSET=latin1;

--
-- Dumping data for table `subscription`
--

INSERT INTO `subscription` (`id`, `status`, `enddate`, `name`) VALUES
(1, 1, '2019-10-18', 'Digichefs');

-- --------------------------------------------------------

--
-- Table structure for table `tblleadactivitylog`
--

CREATE TABLE `tblleadactivitylog` (
  `id` int(11) NOT NULL,
  `leadid` int(11) NOT NULL,
  `description` mediumtext NOT NULL,
  `additional_data` varchar(600) DEFAULT NULL,
  `date` datetime NOT NULL,
  `staffid` int(11) NOT NULL,
  `full_name` varchar(100) DEFAULT NULL,
  `custom_activity` tinyint(1) NOT NULL DEFAULT 0
) ENGINE=MyISAM DEFAULT CHARSET=utf8;

--
-- Dumping data for table `tblleadactivitylog`
--

INSERT INTO `tblleadactivitylog` (`id`, `leadid`, `description`, `additional_data`, `date`, `staffid`, `full_name`, `custom_activity`) VALUES
(18, 1, '18', NULL, '2019-07-19 17:47:46', 1, NULL, 0),
(19, 2, '2', NULL, '2019-07-19 18:20:16', 1, NULL, 0),
(14, 2, '14', NULL, '2019-07-19 17:28:43', 1, NULL, 0),
(15, 2, '18', NULL, '2019-07-19 17:30:54', 1, NULL, 0),
(16, 1, '1', NULL, '2019-07-19 17:31:03', 1, NULL, 0),
(17, 1, '14', NULL, '2019-07-19 17:31:11', 1, NULL, 0),
(20, 2, '1', NULL, '2019-07-21 11:58:39', 1, NULL, 0),
(21, 1, '2', NULL, '2019-07-21 12:05:14', 1, NULL, 0),
(22, 1, '18', NULL, '2019-07-21 12:07:11', 1, NULL, 0),
(23, 32, '8', NULL, '2019-11-27 18:10:08', 1, NULL, 0),
(24, 42, '2', NULL, '2019-12-11 15:48:27', 33, NULL, 0),
(25, 77, '2', NULL, '2019-12-27 13:21:59', 1, NULL, 0),
(26, 105, '12', NULL, '2019-12-30 12:09:43', 38, NULL, 0),
(27, 99, '10', NULL, '2019-12-30 12:49:07', 40, NULL, 0),
(28, 104, '2', NULL, '2019-12-30 13:08:32', 33, NULL, 0),
(29, 100, '14', NULL, '2019-12-30 15:02:42', 34, NULL, 0),
(30, 101, '10', NULL, '2019-12-30 15:02:57', 34, NULL, 0),
(31, 126, '11', NULL, '2020-01-03 13:33:14', 34, NULL, 0),
(32, 110, '14', NULL, '2020-01-03 13:34:32', 34, NULL, 0),
(33, 112, '12', NULL, '2020-01-03 13:34:58', 34, NULL, 0),
(34, 120, '9', NULL, '2020-01-03 13:35:13', 34, NULL, 0),
(35, 124, '14', NULL, '2020-01-03 13:35:36', 34, NULL, 0),
(36, 129, '2', NULL, '2020-01-03 13:37:45', 34, NULL, 0),
(37, 130, '8', NULL, '2020-01-03 13:38:03', 34, NULL, 0),
(38, 128, '11', NULL, '2020-01-03 15:10:21', 38, NULL, 0),
(39, 138, '9', NULL, '2020-01-04 11:47:21', 38, NULL, 0),
(40, 140, '9', NULL, '2020-01-04 22:24:33', 38, NULL, 0),
(41, 145, '11', NULL, '2020-01-06 10:48:43', 38, NULL, 0),
(42, 139, '12', NULL, '2020-01-06 11:13:23', 34, NULL, 0),
(43, 142, '2', NULL, '2020-01-06 11:31:53', 34, NULL, 0),
(44, 146, '11', NULL, '2020-01-06 11:32:11', 34, NULL, 0),
(45, 148, '11', NULL, '2020-01-06 11:49:18', 34, NULL, 0),
(46, 149, '14', NULL, '2020-01-06 11:50:36', 34, NULL, 0),
(47, 147, '2', NULL, '2020-01-06 16:28:24', 40, NULL, 0),
(48, 150, '14', NULL, '2020-01-06 19:29:26', 34, NULL, 0),
(49, 154, '11', NULL, '2020-01-06 19:31:25', 34, NULL, 0),
(50, 156, '14', NULL, '2020-01-06 19:32:35', 34, NULL, 0),
(51, 147, '10', NULL, '2020-01-07 17:42:56', 40, NULL, 0),
(52, 99, '11', NULL, '2020-01-07 17:43:16', 40, NULL, 0),
(53, 147, '11', NULL, '2020-01-07 17:43:24', 40, NULL, 0),
(54, 166, '11', NULL, '2020-01-07 17:52:48', 38, NULL, 0),
(55, 158, '11', NULL, '2020-01-07 17:53:08', 0, NULL, 0),
(56, 161, '11', NULL, '2020-01-07 17:55:41', 34, NULL, 0),
(57, 163, '11', NULL, '2020-01-07 17:55:53', 34, NULL, 0),
(58, 167, '10', NULL, '2020-01-08 11:02:20', 40, NULL, 0),
(59, 108, '8', NULL, '2020-01-08 12:52:46', 42, NULL, 0),
(60, 170, '10', NULL, '2020-01-08 13:13:41', 34, NULL, 0),
(61, 171, '2', NULL, '2020-01-08 13:14:54', 34, NULL, 0),
(62, 170, '2', NULL, '2020-01-08 13:15:00', 34, NULL, 0),
(63, 104, '9', NULL, '2020-01-08 13:28:29', 33, NULL, 0),
(64, 173, '11', NULL, '2020-01-08 13:36:53', 34, NULL, 0),
(65, 117, '14', NULL, '2020-01-08 14:43:27', 33, NULL, 0),
(66, 134, '14', NULL, '2020-01-08 14:43:36', 33, NULL, 0),
(67, 159, '14', NULL, '2020-01-08 14:43:58', 33, NULL, 0),
(68, 164, '14', NULL, '2020-01-08 14:44:06', 33, NULL, 0),
(69, 172, '14', NULL, '2020-01-08 14:44:24', 33, NULL, 0),
(70, 177, '14', NULL, '2020-01-08 17:33:55', 34, NULL, 0),
(71, 179, '10', NULL, '2020-01-09 10:39:13', 34, NULL, 0),
(72, 183, '2', NULL, '2020-01-09 10:39:24', 34, NULL, 0),
(73, 179, '14', NULL, '2020-01-09 10:39:33', 34, NULL, 0),
(74, 179, '12', NULL, '2020-01-09 11:26:39', 34, NULL, 0),
(75, 183, '11', NULL, '2020-01-09 11:26:50', 34, NULL, 0),
(76, 185, '14', NULL, '2020-01-09 11:29:54', 34, NULL, 0),
(77, 188, '10', NULL, '2020-01-09 14:45:03', 40, NULL, 0),
(78, 189, '8', NULL, '2020-01-09 14:45:09', 40, NULL, 0),
(79, 194, '2', NULL, '2020-01-10 10:54:16', 38, NULL, 0),
(80, 184, '10', NULL, '2020-01-10 11:38:47', 40, NULL, 0),
(81, 175, '11', NULL, '2020-01-10 11:39:34', 40, NULL, 0),
(82, 167, '11', NULL, '2020-01-10 11:40:13', 40, NULL, 0),
(83, 188, '11', NULL, '2020-01-10 11:40:28', 40, NULL, 0),
(84, 184, '11', NULL, '2020-01-10 11:40:51', 40, NULL, 0),
(85, 197, '11', NULL, '2020-01-10 12:12:37', 38, NULL, 0),
(86, 192, '11', NULL, '2020-01-10 12:22:48', 34, NULL, 0),
(87, 198, '11', NULL, '2020-01-10 12:25:00', 34, NULL, 0),
(88, 201, '2', NULL, '2020-01-11 10:55:39', 38, NULL, 0),
(89, 194, '9', NULL, '2020-01-11 10:56:53', 38, NULL, 0),
(90, 205, '9', NULL, '2020-01-11 12:40:50', 0, NULL, 0),
(91, 203, '14', NULL, '2020-01-11 16:13:29', 42, NULL, 0),
(92, 108, '14', NULL, '2020-01-11 16:13:53', 42, NULL, 0),
(93, 217, '2', NULL, '2020-01-13 10:51:30', 38, NULL, 0),
(94, 230, '14', NULL, '2020-01-13 10:52:14', 38, NULL, 0),
(95, 231, '2', NULL, '2020-01-13 10:53:50', 38, NULL, 0),
(96, 231, '9', NULL, '2020-01-13 12:56:14', 38, NULL, 0),
(97, 203, '10', NULL, '2020-01-13 12:59:21', 42, NULL, 0),
(98, 203, '9', NULL, '2020-01-13 12:59:43', 42, NULL, 0),
(99, 230, '10', NULL, '2020-01-13 13:01:08', 38, NULL, 0),
(100, 242, '11', NULL, '2020-01-13 14:55:03', 34, NULL, 0),
(101, 212, '14', NULL, '2020-01-13 14:57:21', 34, NULL, 0),
(102, 214, '14', NULL, '2020-01-13 14:59:00', 34, NULL, 0),
(103, 216, '14', NULL, '2020-01-13 15:00:19', 34, NULL, 0),
(104, 232, '14', NULL, '2020-01-13 15:02:40', 34, NULL, 0),
(105, 233, '14', NULL, '2020-01-13 15:25:22', 34, NULL, 0),
(106, 234, '14', NULL, '2020-01-13 15:28:39', 34, NULL, 0),
(107, 235, '14', NULL, '2020-01-13 15:32:32', 34, NULL, 0),
(108, 236, '14', NULL, '2020-01-13 15:33:43', 34, NULL, 0),
(109, 220, '14', NULL, '2020-01-13 15:40:49', 34, NULL, 0),
(110, 240, '14', NULL, '2020-01-13 15:42:02', 34, NULL, 0),
(111, 245, '14', NULL, '2020-01-14 10:55:16', 38, NULL, 0),
(112, 246, '14', NULL, '2020-01-14 10:55:53', 38, NULL, 0),
(113, 201, '9', NULL, '2020-01-14 10:56:33', 38, NULL, 0),
(114, 214, '2', NULL, '2020-01-14 11:53:12', 34, NULL, 0),
(115, 244, '11', NULL, '2020-01-14 12:33:07', 0, NULL, 0),
(116, 248, '11', NULL, '2020-01-14 12:39:21', 34, NULL, 0),
(117, 220, '9', NULL, '2020-01-14 12:44:18', 34, NULL, 0),
(118, 236, '9', NULL, '2020-01-14 12:49:41', 34, NULL, 0),
(119, 235, '11', NULL, '2020-01-14 12:53:38', 34, NULL, 0),
(120, 234, '12', NULL, '2020-01-14 12:58:27', 34, NULL, 0),
(121, 232, '12', NULL, '2020-01-14 13:06:54', 34, NULL, 0),
(122, 181, '11', NULL, '2020-01-14 18:23:44', 33, NULL, 0),
(123, 191, '14', NULL, '2020-01-14 18:24:41', 33, NULL, 0),
(124, 195, '12', NULL, '2020-01-14 18:25:32', 33, NULL, 0),
(125, 229, '14', NULL, '2020-01-14 18:26:10', 33, NULL, 0),
(126, 208, '14', NULL, '2020-01-14 18:26:58', 33, NULL, 0),
(127, 159, '12', NULL, '2020-01-14 18:29:58', 33, NULL, 0),
(128, 134, '11', NULL, '2020-01-14 18:30:59', 33, NULL, 0),
(129, 253, '12', NULL, '2020-01-15 11:03:49', 34, NULL, 0),
(130, 247, '11', NULL, '2020-01-15 11:33:54', 42, NULL, 0),
(131, 253, '14', NULL, '2020-01-15 15:06:04', 34, NULL, 0),
(132, 111, '14', NULL, '2020-01-15 16:22:11', 36, NULL, 0),
(133, 119, '14', NULL, '2020-01-15 16:22:34', 36, NULL, 0),
(134, 125, '14', NULL, '2020-01-15 16:22:46', 36, NULL, 0),
(135, 160, '14', NULL, '2020-01-15 16:22:58', 36, NULL, 0),
(136, 176, '14', NULL, '2020-01-15 16:23:21', 36, NULL, 0),
(137, 178, '9', NULL, '2020-01-15 16:23:52', 36, NULL, 0),
(138, 196, '14', NULL, '2020-01-15 16:24:14', 36, NULL, 0),
(139, 210, '8', NULL, '2020-01-15 16:24:36', 36, NULL, 0),
(140, 259, '14', NULL, '2020-01-15 17:06:47', 35, NULL, 0),
(141, 255, '11', NULL, '2020-01-15 17:34:45', 35, NULL, 0),
(142, 255, '14', NULL, '2020-01-16 10:20:37', 35, NULL, 0),
(143, 251, '11', NULL, '2020-01-16 10:24:58', 35, NULL, 0),
(144, 259, '11', NULL, '2020-01-16 10:28:26', 35, NULL, 0),
(145, 241, '2', NULL, '2020-01-16 10:41:06', 35, NULL, 0),
(146, 223, '14', NULL, '2020-01-16 11:05:02', 35, NULL, 0),
(147, 222, '9', NULL, '2020-01-16 11:06:05', 35, NULL, 0),
(148, 221, '14', NULL, '2020-01-16 11:06:42', 35, NULL, 0),
(149, 221, '11', NULL, '2020-01-16 11:09:22', 35, NULL, 0),
(150, 218, '11', NULL, '2020-01-16 11:11:28', 35, NULL, 0),
(151, 211, '9', NULL, '2020-01-16 11:12:31', 35, NULL, 0),
(152, 206, '14', NULL, '2020-01-16 11:13:08', 35, NULL, 0),
(153, 200, '14', NULL, '2020-01-16 11:14:02', 35, NULL, 0),
(154, 190, '8', NULL, '2020-01-16 11:14:21', 35, NULL, 0),
(155, 186, '11', NULL, '2020-01-16 11:15:32', 35, NULL, 0),
(156, 186, '14', NULL, '2020-01-16 11:15:46', 35, NULL, 0),
(157, 187, '14', NULL, '2020-01-16 11:16:46', 35, NULL, 0),
(158, 187, '11', NULL, '2020-01-16 11:18:39', 35, NULL, 0),
(159, 180, '11', NULL, '2020-01-16 11:22:43', 35, NULL, 0),
(160, 169, '11', NULL, '2020-01-16 11:22:51', 35, NULL, 0),
(161, 168, '14', NULL, '2020-01-16 11:23:54', 35, NULL, 0),
(162, 162, '11', NULL, '2020-01-16 11:25:34', 35, NULL, 0),
(163, 155, '14', NULL, '2020-01-16 11:26:12', 35, NULL, 0),
(164, 153, '14', NULL, '2020-01-16 11:27:12', 35, NULL, 0),
(165, 152, '14', NULL, '2020-01-16 11:35:31', 35, NULL, 0),
(166, 137, '9', NULL, '2020-01-16 11:37:01', 35, NULL, 0),
(167, 136, '14', NULL, '2020-01-16 11:38:21', 35, NULL, 0),
(168, 133, '14', NULL, '2020-01-16 11:39:20', 35, NULL, 0),
(169, 132, '14', NULL, '2020-01-16 11:40:01', 35, NULL, 0),
(170, 131, '14', NULL, '2020-01-16 11:41:10', 35, NULL, 0),
(171, 121, '14', NULL, '2020-01-16 11:42:13', 35, NULL, 0),
(172, 123, '14', NULL, '2020-01-16 11:42:49', 35, NULL, 0),
(173, 116, '14', NULL, '2020-01-16 11:43:45', 35, NULL, 0),
(174, 114, '11', NULL, '2020-01-16 11:44:42', 35, NULL, 0),
(175, 113, '14', NULL, '2020-01-16 11:46:02', 35, NULL, 0),
(176, 107, '14', NULL, '2020-01-16 11:46:52', 35, NULL, 0),
(177, 102, '14', NULL, '2020-01-16 11:47:32', 35, NULL, 0),
(178, 98, '14', NULL, '2020-01-16 11:48:30', 35, NULL, 0),
(179, 97, '14', NULL, '2020-01-16 11:49:11', 35, NULL, 0),
(180, 97, '11', NULL, '2020-01-16 11:52:23', 35, NULL, 0),
(181, 121, '9', NULL, '2020-01-16 11:53:37', 35, NULL, 0),
(182, 96, '11', NULL, '2020-01-16 11:55:47', 35, NULL, 0),
(183, 98, '9', NULL, '2020-01-16 11:59:39', 35, NULL, 0),
(184, 209, '11', NULL, '2020-01-16 15:58:39', 40, NULL, 0),
(185, 227, '14', NULL, '2020-01-16 15:58:51', 40, NULL, 0),
(186, 228, '14', NULL, '2020-01-16 15:59:53', 40, NULL, 0),
(187, 254, '11', NULL, '2020-01-16 16:00:10', 40, NULL, 0),
(188, 260, '2', NULL, '2020-01-16 16:00:19', 40, NULL, 0),
(189, 255, '11', NULL, '2020-01-17 12:12:48', 35, NULL, 0),
(190, 241, '12', NULL, '2020-01-17 12:28:43', 35, NULL, 0),
(191, 186, '11', NULL, '2020-01-17 12:33:14', 35, NULL, 0),
(192, 109, '18', NULL, '2020-01-17 15:38:17', 39, NULL, 0),
(193, 257, '12', NULL, '2020-01-17 15:45:16', 39, NULL, 0),
(194, 272, '11', NULL, '2020-01-18 11:52:40', 38, NULL, 0),
(195, 256, '2', NULL, '2020-01-18 11:53:05', 38, NULL, 0),
(196, 193, '11', NULL, '2020-01-18 19:11:46', 36, NULL, 0),
(197, 119, '10', NULL, '2020-01-18 19:12:29', 36, NULL, 0),
(198, 111, '10', NULL, '2020-01-18 19:12:38', 36, NULL, 0),
(199, 238, '10', NULL, '2020-01-18 19:13:31', 36, NULL, 0),
(200, 258, '10', NULL, '2020-01-18 19:13:39', 36, NULL, 0),
(201, 227, '11', NULL, '2020-01-20 10:31:21', 40, NULL, 0),
(202, 199, '9', NULL, '2020-01-20 10:31:40', 40, NULL, 0),
(203, 163, '18', NULL, '2020-01-20 10:38:33', 34, NULL, 0),
(204, 207, '12', NULL, '2020-01-20 12:09:16', 38, NULL, 0),
(205, 143, '11', NULL, '2020-01-20 12:14:21', 39, NULL, 0),
(206, 144, '11', NULL, '2020-01-20 12:14:34', 39, NULL, 0),
(207, 224, '11', NULL, '2020-01-20 12:15:28', 39, NULL, 0),
(208, 144, '8', NULL, '2020-01-20 12:15:39', 39, NULL, 0),
(209, 225, '12', NULL, '2020-01-20 12:15:58', 39, NULL, 0),
(210, 239, '9', NULL, '2020-01-20 12:16:29', 39, NULL, 0),
(211, 283, '12', NULL, '2020-01-20 12:19:25', 39, NULL, 0),
(212, 270, '9', NULL, '2020-01-20 12:19:37', 39, NULL, 0),
(213, 268, '9', NULL, '2020-01-20 12:19:51', 39, NULL, 0),
(214, 271, '14', NULL, '2020-01-20 12:21:02', 39, NULL, 0),
(215, 273, '11', NULL, '2020-01-20 12:21:12', 39, NULL, 0),
(216, 249, '11', NULL, '2020-01-20 12:49:07', 39, NULL, 0),
(217, 282, '12', NULL, '2020-01-20 13:55:08', 39, NULL, 0),
(218, 263, '9', NULL, '2020-01-20 13:55:34', 39, NULL, 0),
(219, 266, '14', NULL, '2020-01-20 13:57:53', 39, NULL, 0),
(220, 281, '9', NULL, '2020-01-20 13:58:29', 39, NULL, 0),
(221, 277, '9', NULL, '2020-01-20 15:43:36', 0, NULL, 0),
(222, 165, '14', NULL, '2020-01-20 16:07:32', 37, NULL, 0),
(223, 278, '2', NULL, '2020-01-20 16:07:41', 37, NULL, 0),
(224, 265, '2', NULL, '2020-01-20 16:08:22', 37, NULL, 0),
(225, 261, '10', NULL, '2020-01-20 16:08:51', 37, NULL, 0),
(226, 135, '9', NULL, '2020-01-20 16:09:03', 37, NULL, 0),
(227, 111, '14', NULL, '2020-01-20 16:10:01', 36, NULL, 0),
(228, 125, '11', NULL, '2020-01-20 16:14:22', 36, NULL, 0),
(229, 160, '10', NULL, '2020-01-20 16:17:45', 36, NULL, 0),
(230, 274, '11', NULL, '2020-01-21 12:17:27', 38, NULL, 0),
(231, 291, '11', NULL, '2020-01-21 15:52:29', 39, NULL, 0),
(232, 287, '9', NULL, '2020-01-21 15:52:39', 39, NULL, 0),
(233, 252, '14', NULL, '2020-01-21 16:16:44', 33, NULL, 0),
(234, 117, '9', NULL, '2020-01-21 16:18:24', 33, NULL, 0),
(235, 134, '14', NULL, '2020-01-21 16:18:55', 33, NULL, 0),
(236, 172, '2', NULL, '2020-01-21 16:20:35', 33, NULL, 0),
(237, 181, '14', NULL, '2020-01-21 16:21:10', 33, NULL, 0),
(238, 208, '2', NULL, '2020-01-21 16:24:08', 33, NULL, 0),
(239, 275, '14', NULL, '2020-01-21 16:25:52', 33, NULL, 0),
(240, 292, '11', NULL, '2020-01-22 09:54:18', 38, NULL, 0),
(241, 293, '2', NULL, '2020-01-22 10:03:53', 38, NULL, 0),
(242, 303, '9', NULL, '2020-01-22 11:02:28', 39, NULL, 0),
(243, 302, '11', NULL, '2020-01-22 11:03:30', 39, NULL, 0),
(244, 294, '2', NULL, '2020-01-22 11:27:07', 36, NULL, 0),
(245, 258, '14', NULL, '2020-01-22 11:31:41', 36, NULL, 0),
(246, 238, '14', NULL, '2020-01-22 11:32:03', 36, NULL, 0),
(247, 237, '2', NULL, '2020-01-22 11:32:35', 36, NULL, 0),
(248, 295, '12', NULL, '2020-01-22 11:49:56', 33, NULL, 0),
(249, 276, '10', NULL, '2020-01-22 11:59:01', 40, NULL, 0),
(250, 228, '12', NULL, '2020-01-22 11:59:11', 40, NULL, 0),
(251, 300, '12', NULL, '2020-01-22 12:11:51', 39, NULL, 0),
(252, 301, '9', NULL, '2020-01-22 12:22:06', 39, NULL, 0),
(253, 299, '9', NULL, '2020-01-22 12:47:55', 42, NULL, 0),
(254, 290, '9', NULL, '2020-01-22 14:52:33', 37, NULL, 0),
(255, 305, '12', NULL, '2020-01-22 16:13:06', 38, NULL, 0),
(256, 296, '9', NULL, '2020-01-22 17:40:11', 0, NULL, 0),
(257, 297, '2', NULL, '2020-01-22 17:40:50', 37, NULL, 0),
(258, 298, '9', NULL, '2020-01-22 17:41:29', 37, NULL, 0),
(259, 304, '2', NULL, '2020-01-22 17:41:38', 37, NULL, 0),
(260, 294, '14', NULL, '2020-01-23 12:47:51', 36, NULL, 0),
(261, 125, '14', NULL, '2020-01-23 13:51:02', 36, NULL, 0),
(262, 308, '14', NULL, '2020-01-23 14:00:52', 38, NULL, 0),
(263, 297, '9', NULL, '2020-01-23 17:00:06', 37, NULL, 0),
(264, 307, '14', NULL, '2020-01-23 18:20:18', 33, NULL, 0),
(265, 134, '9', NULL, '2020-01-23 18:22:00', 33, NULL, 0),
(266, 164, '12', NULL, '2020-01-23 18:22:45', 33, NULL, 0),
(267, 172, '14', NULL, '2020-01-23 18:23:11', 33, NULL, 0),
(268, 275, '9', NULL, '2020-01-23 18:24:44', 33, NULL, 0),
(269, 191, '9', NULL, '2020-01-23 18:26:27', 33, NULL, 0),
(270, 294, '2', NULL, '2020-01-24 12:19:02', 36, NULL, 0),
(271, 160, '14', NULL, '2020-01-24 12:20:34', 36, NULL, 0),
(272, 193, '10', NULL, '2020-01-24 12:21:58', 36, NULL, 0),
(273, 176, '2', NULL, '2020-01-24 12:22:56', 36, NULL, 0),
(274, 306, '12', NULL, '2020-01-24 13:35:59', 40, NULL, 0),
(275, 310, '11', NULL, '2020-01-24 13:36:11', 40, NULL, 0),
(276, 276, '11', NULL, '2020-01-24 13:36:21', 40, NULL, 0),
(277, 260, '9', NULL, '2020-01-24 13:40:20', 40, NULL, 0),
(278, 322, '2', NULL, '2020-01-27 09:52:27', 38, NULL, 0),
(279, 325, '10', NULL, '2020-01-27 11:05:32', 35, NULL, 0),
(280, 326, '11', NULL, '2020-01-27 11:07:37', 35, NULL, 0),
(281, 328, '11', NULL, '2020-01-27 11:09:28', 35, NULL, 0),
(282, 324, '10', NULL, '2020-01-27 11:57:12', 36, NULL, 0),
(283, 107, '9', NULL, '2020-01-27 11:57:42', 35, NULL, 0),
(284, 113, '11', NULL, '2020-01-27 12:00:44', 35, NULL, 0),
(285, 113, '14', NULL, '2020-01-27 12:01:23', 35, NULL, 0),
(286, 116, '11', NULL, '2020-01-27 12:01:31', 35, NULL, 0),
(287, 113, '11', NULL, '2020-01-27 12:03:16', 35, NULL, 0),
(288, 123, '12', NULL, '2020-01-27 12:03:52', 35, NULL, 0),
(289, 321, '10', NULL, '2020-01-27 12:07:06', 36, NULL, 0),
(290, 153, '18', NULL, '2020-01-27 12:13:06', 35, NULL, 0),
(291, 186, '9', NULL, '2020-01-27 12:17:36', 35, NULL, 0),
(292, 221, '9', NULL, '2020-01-27 12:18:25', 35, NULL, 0),
(293, 312, '2', NULL, '2020-01-27 12:51:08', 37, NULL, 0),
(294, 313, '2', NULL, '2020-01-27 13:00:03', 37, NULL, 0),
(295, 314, '14', NULL, '2020-01-27 13:05:33', 37, NULL, 0),
(296, 315, '2', NULL, '2020-01-27 13:08:55', 37, NULL, 0),
(297, 316, '14', NULL, '2020-01-27 13:33:07', 37, NULL, 0),
(298, 131, '18', NULL, '2020-01-27 13:55:32', 35, NULL, 0),
(299, 309, '10', NULL, '2020-01-27 15:35:08', 42, NULL, 0),
(300, 318, '10', NULL, '2020-01-27 16:20:58', 0, NULL, 0),
(301, 332, '14', NULL, '2020-01-27 16:26:09', 37, NULL, 0),
(302, 333, '9', NULL, '2020-01-27 17:47:46', 37, NULL, 0),
(303, 334, '9', NULL, '2020-01-27 17:59:54', 37, NULL, 0),
(304, 335, '9', NULL, '2020-01-27 18:02:09', 37, NULL, 0),
(305, 336, '9', NULL, '2020-01-27 18:05:20', 37, NULL, 0),
(306, 337, '10', NULL, '2020-01-27 18:08:08', 37, NULL, 0),
(307, 338, '9', NULL, '2020-01-27 18:15:21', 37, NULL, 0),
(308, 348, '11', NULL, '2020-01-28 08:47:30', 36, NULL, 0),
(309, 343, '14', NULL, '2020-01-28 09:50:11', 35, NULL, 0),
(310, 341, '11', NULL, '2020-01-28 10:00:13', 38, NULL, 0),
(311, 342, '8', NULL, '2020-01-28 11:53:03', 38, NULL, 0),
(312, 349, '14', '', '2020-01-28 13:52:43', 1, NULL, 0),
(313, 349, '2', 'abc', '2020-01-28 13:53:13', 1, NULL, 0),
(314, 346, '14', '', '2020-01-28 15:35:12', 0, NULL, 0),
(315, 292, '9', '', '2020-01-28 16:49:14', 38, NULL, 0),
(316, 349, '14', 'Test 32', '2020-01-28 16:55:28', 1, NULL, 0),
(317, 350, '8', 'abc', '2020-01-28 16:59:17', 1, NULL, 0),
(318, 350, '14', '', '2020-01-28 16:59:38', 1, NULL, 0),
(319, 293, '9', '', '2020-01-28 17:17:35', 38, NULL, 0),
(320, 358, '14', 'ringing : Jhanvi ', '2020-01-29 12:00:34', 35, NULL, 0),
(321, 343, '11', 'Jhanvi : WIll walkin on Saturday ', '2020-01-29 12:01:16', 35, NULL, 0),
(322, 329, '14', 'Number not connecting', '2020-01-29 12:02:57', 35, NULL, 0),
(323, 325, '14', '', '2020-01-29 12:42:50', 35, NULL, 0),
(324, 368, '2', 'He is busy call tomorrow', '2020-01-29 13:05:02', 36, NULL, 0),
(325, 102, '11', 'want to do digital marketing will come whenever i will get time ', '2020-01-29 13:17:32', 35, NULL, 0),
(326, 360, '9', 'not interested for sion stays at nalasohapara b. pharm student doing from banglore', '2020-01-29 15:37:07', 37, NULL, 0),
(327, 361, '2', 'attended the call n disconnected …there after ringing', '2020-01-29 15:59:09', 37, NULL, 0),
(328, 362, '2', 'ringing', '2020-01-29 16:09:17', 37, NULL, 0),
(329, 363, '9', 'not interested was just seeing he is doing army training', '2020-01-29 16:12:31', 37, NULL, 0),
(330, 364, '9', 'not interested and disconnected', '2020-01-29 16:27:49', 37, NULL, 0),
(331, 365, '9', 'notinterested stays at sultanpur UP', '2020-01-29 16:31:39', 37, NULL, 0),
(332, 366, '14', 'number not connecting', '2020-01-29 16:33:43', 37, NULL, 0),
(333, 259, '14', '', '2020-01-30 10:32:19', 35, NULL, 0),
(334, 376, '9', '', '2020-01-30 14:18:46', 0, NULL, 0),
(335, 379, '10', 'will try to visit in some time', '2020-01-31 14:50:30', 37, NULL, 0),
(336, 390, '12', 'duplicate lead we have in our LMS system', '2020-01-31 16:12:54', 37, NULL, 0),
(337, 390, '8', '', '2020-01-31 16:13:02', 37, NULL, 0),
(338, 391, '11', 'Dipali : WIll visit on MOnday ', '2020-02-01 14:14:28', 35, NULL, 0),
(339, 384, '14', '', '2020-02-01 14:20:04', 35, NULL, 0),
(340, 383, '14', 'DM: incoming calls couldnt connect', '2020-02-01 14:20:29', 35, NULL, 0),
(341, 353, '10', '', '2020-02-01 16:56:30', 36, NULL, 0),
(342, 351, '10', '', '2020-02-01 16:56:50', 36, NULL, 0),
(343, 117, '2', '', '2020-02-01 18:09:28', 33, NULL, 0),
(344, 134, '2', '', '2020-02-01 18:09:40', 33, NULL, 0),
(345, 159, '2', '', '2020-02-01 18:10:00', 33, NULL, 0),
(346, 164, '2', '', '2020-02-01 18:10:08', 33, NULL, 0),
(347, 181, '12', '', '2020-02-01 18:10:33', 33, NULL, 0),
(348, 191, '11', '', '2020-02-01 18:10:46', 33, NULL, 0),
(349, 208, '11', '', '2020-02-01 18:11:11', 33, NULL, 0),
(350, 319, '9', '', '2020-02-01 18:11:32', 33, NULL, 0),
(351, 311, '9', '', '2020-02-01 18:12:09', 33, NULL, 0),
(352, 340, '14', '', '2020-02-03 14:38:36', 33, NULL, 0),
(353, 344, '14', '', '2020-02-03 14:38:47', 33, NULL, 0),
(354, 345, '11', '', '2020-02-03 14:39:04', 33, NULL, 0),
(355, 352, '2', '', '2020-02-03 14:39:16', 33, NULL, 0),
(356, 355, '2', '', '2020-02-03 14:39:25', 33, NULL, 0),
(357, 375, '11', '', '2020-02-03 14:39:36', 33, NULL, 0),
(358, 367, '14', '', '2020-02-03 14:39:44', 33, NULL, 0),
(359, 347, '14', '', '2020-02-03 14:39:58', 33, NULL, 0),
(360, 377, '2', '', '2020-02-03 14:40:15', 33, NULL, 0),
(361, 380, '2', '', '2020-02-03 14:40:25', 33, NULL, 0),
(362, 388, '11', '', '2020-02-03 14:40:34', 33, NULL, 0),
(363, 392, '11', '', '2020-02-03 14:40:46', 33, NULL, 0),
(364, 368, '10', '', '2020-02-03 15:47:21', 36, NULL, 0),
(365, 184, '9', '', '2020-02-03 15:52:02', 40, NULL, 0),
(366, 310, '18', '', '2020-02-03 15:52:45', 40, NULL, 0),
(367, 354, '10', '', '2020-02-03 15:53:11', 40, NULL, 0),
(368, 373, '2', '', '2020-02-03 15:54:44', 40, NULL, 0),
(369, 370, '11', 'Spoken to him. He will be visiting in this week.', '2020-02-03 15:59:07', 40, NULL, 0),
(370, 168, '10', 'Inq Visited need to FU ', '2020-02-03 15:59:54', 0, NULL, 0),
(371, 227, '9', '', '2020-02-03 16:04:17', 40, NULL, 0),
(372, 189, '12', '', '2020-02-03 16:05:52', 40, NULL, 0),
(373, 189, '8', '', '2020-02-03 16:06:09', 40, NULL, 0),
(374, 147, '14', 'phone switched off since 16th january', '2020-02-03 16:09:55', 40, NULL, 0),
(375, 99, '14', 'full ring since 22nd january', '2020-02-03 16:10:23', 40, NULL, 0),
(376, 395, '11', '', '2020-02-04 20:25:44', 35, NULL, 0),
(377, 398, '14', 'Dipali- Call forwarded', '2020-02-04 20:26:14', 35, NULL, 0),
(378, 397, '12', 'Dipali- Already done course in cadd, looking for degree course now', '2020-02-04 20:26:56', 35, NULL, 0),
(379, 396, '10', 'Dipali- Stays in surat,looking for graphics,want to join after 6 months', '2020-02-04 20:27:53', 35, NULL, 0),
(380, 399, '2', 'Dipali- Dc', '2020-02-05 15:22:16', 35, NULL, 0),
(381, 394, '2', '', '2020-02-05 17:28:52', 33, NULL, 0),
(382, 377, '14', '', '2020-02-05 17:29:31', 33, NULL, 0),
(383, 375, '14', '', '2020-02-05 17:29:41', 33, NULL, 0),
(384, 380, '14', '', '2020-02-05 17:29:54', 33, NULL, 0),
(385, 367, '2', '', '2020-02-05 17:30:41', 33, NULL, 0),
(386, 352, '14', '', '2020-02-05 17:30:57', 33, NULL, 0),
(387, 347, '2', '', '2020-02-05 17:31:11', 33, NULL, 0),
(388, 340, '11', '', '2020-02-05 17:32:40', 33, NULL, 0),
(389, 229, '2', '', '2020-02-05 17:33:47', 33, NULL, 0),
(390, 191, '14', '', '2020-02-05 18:23:20', 33, NULL, 0),
(391, 181, '14', '', '2020-02-05 18:23:32', 33, NULL, 0),
(392, 134, '14', '', '2020-02-05 18:23:46', 33, NULL, 0),
(393, 208, '14', '', '2020-02-05 18:24:07', 33, NULL, 0),
(394, 159, '9', '', '2020-02-06 11:47:07', 33, NULL, 0),
(395, 164, '14', '', '2020-02-06 11:48:28', 33, NULL, 0),
(396, 191, '9', '', '2020-02-06 11:53:00', 33, NULL, 0),
(397, 208, '2', '', '2020-02-06 11:54:51', 33, NULL, 0),
(398, 252, '2', '', '2020-02-06 11:57:48', 33, NULL, 0),
(399, 295, '14', '', '2020-02-06 11:59:44', 33, NULL, 0),
(400, 340, '2', '', '2020-02-06 12:01:18', 33, NULL, 0),
(401, 345, '2', '', '2020-02-06 12:03:35', 33, NULL, 0),
(402, 352, '2', '', '2020-02-06 12:05:39', 33, NULL, 0),
(403, 355, '12', '', '2020-02-06 12:06:11', 33, NULL, 0),
(404, 367, '11', '', '2020-02-06 12:08:59', 33, NULL, 0),
(405, 375, '2', '', '2020-02-06 12:10:10', 33, NULL, 0),
(406, 377, '2', '', '2020-02-06 12:11:25', 33, NULL, 0),
(407, 380, '2', '', '2020-02-06 12:12:57', 33, NULL, 0),
(408, 394, '14', '', '2020-02-06 12:15:58', 33, NULL, 0),
(409, 404, '2', 'Dipali- Br /br', '2020-02-06 14:56:51', 35, NULL, 0),
(410, 403, '14', 'Dipali- Incoming calls not available', '2020-02-06 14:57:58', 35, NULL, 0),
(411, 402, '10', 'Dipali- STAYS IN VASHI, LOOKING NEARBY VASHI, LOOKING FOR 3MONTHS OF GRAPHIC, DETAILS SENT ON WHATSAPP', '2020-02-06 14:59:04', 35, NULL, 0),
(412, 405, '14', 'Dipali- Call not connecting', '2020-02-06 17:38:19', 35, NULL, 0),
(413, 405, '2', 'Dipali- Br', '2020-02-06 18:12:46', 35, NULL, 0),
(414, 404, '12', 'Dipali- Stays in Ambernath, looking for nearby in Kalyan Arena', '2020-02-06 18:16:11', 35, NULL, 0),
(415, 401, '2', 'Dipali- BR', '2020-02-06 18:20:10', 35, NULL, 0),
(416, 400, '10', 'Dipali- Need to connivance his parents financial problem, said will talk to parents and revert you', '2020-02-06 18:23:06', 35, NULL, 0),
(417, 406, '10', 'Dipali- Stays in mira rd, looking for animation explain him course,will talk to parents once and will visit on monday', '2020-02-06 19:09:58', 35, NULL, 0),
(418, 405, '10', 'Dipali- Stays in nalasopara, looking for graphics, explain course n fees, will visit us in 2days', '2020-02-06 20:54:50', 35, NULL, 0),
(419, 407, '2', 'Dipali- Br', '2020-02-07 12:28:06', 35, NULL, 0),
(420, 408, '10', 'Dipali- Stays in Bhandup, looking for Son his in 10th std, will come after 23rdApril, Sent details on whatsapp', '2020-02-10 13:38:12', 35, NULL, 0),
(421, 409, '2', 'Dipali- Br', '2020-02-10 13:39:21', 35, NULL, 0),
(422, 410, '2', 'Dipali- Said call back in Evening', '2020-02-10 13:41:17', 35, NULL, 0),
(423, 411, '10', 'Dipali-Stay in Andheri, Will try to visit, looking for Graphics, sent details', '2020-02-10 13:43:16', 35, NULL, 0),
(424, 412, '2', 'Dipali - BR', '2020-02-10 13:43:49', 35, NULL, 0),
(425, 413, '10', 'Dipali- stays in jogeshwari, looking for graphics will talk to parents first in 2days', '2020-02-10 17:36:18', 35, NULL, 0),
(426, 416, '10', 'Dipali- stays in vile parle,looking for 6months course, will visit Saturday or sunday', '2020-02-12 12:15:33', 35, NULL, 0),
(427, 414, '10', 'Dipali- BR', '2020-02-12 12:17:11', 35, NULL, 0),
(428, 414, '2', 'Dipali- BR', '2020-02-12 12:17:28', 35, NULL, 0),
(429, 419, '14', 'Dipali- Does not exist', '2020-02-12 14:17:36', 35, NULL, 0),
(430, 418, '14', 'Dipali- Network issue, need to call later', '2020-02-12 14:20:11', 35, NULL, 0),
(431, 417, '2', 'Dipali- Call waiting', '2020-02-12 14:23:45', 35, NULL, 0),
(432, 415, '2', 'Dipali- BR', '2020-02-12 14:28:29', 35, NULL, 0),
(433, 415, '14', 'Dipali- NOT AUDIBLE', '2020-02-12 15:28:46', 0, NULL, 0),
(434, 419, '12', 'Dipali- Does not exist/Does not exist', '2020-02-12 15:36:27', 35, NULL, 0),
(435, 183, '9', '', '2020-02-12 15:45:56', 34, NULL, 0),
(436, 188, '10', '12th Feb 2020 : has visited the centre. will revert in 2-3 days.', '2020-02-13 10:25:18', 40, NULL, 0),
(437, 420, '11', 'Dipali- Stays in Mansarovar, looking for graphics will visit this sunday', '2020-02-13 12:48:52', 35, NULL, 0),
(438, 415, '2', 'Dipali- Busy', '2020-02-13 13:03:31', 35, NULL, 0),
(439, 413, '2', 'Dipali- BR', '2020-02-13 13:19:07', 35, NULL, 0),
(440, 419, '10', 'Dipali- Stays in Vile Parle,his in 12th looking for 3d animation, will come want to start in March', '2020-02-13 15:21:35', 35, NULL, 0),
(441, 403, '12', 'Dipali- Not in service', '2020-02-13 16:04:15', 0, NULL, 0),
(442, 398, '12', 'Dipali- Call not Connecting', '2020-02-13 16:11:47', 35, NULL, 0),
(443, 383, '2', 'Dipali- Br', '2020-02-13 16:23:05', 35, NULL, 0),
(444, 325, '9', 'Dipali- Got a job, not interested', '2020-02-13 16:41:28', 35, NULL, 0),
(445, 373, '14', '17/2- full ring since the day of inquiry', '2020-02-17 12:07:03', 40, NULL, 0),
(446, 420, '10', 'Dipali- Will come this Sunday', '2020-02-18 15:40:34', 0, NULL, 0),
(447, 394, '11', '', '2020-02-20 14:49:20', 33, NULL, 0),
(448, 392, '10', '', '2020-02-20 14:49:40', 33, NULL, 0);

-- --------------------------------------------------------

--
-- Table structure for table `tblleads`
--

CREATE TABLE `tblleads` (
  `id` int(11) NOT NULL,
  `hash` varchar(65) DEFAULT NULL,
  `name` varchar(300) NOT NULL,
  `title` varchar(100) DEFAULT NULL,
  `company` varchar(300) DEFAULT NULL,
  `description` text DEFAULT NULL,
  `country` int(11) NOT NULL DEFAULT 0,
  `zip` varchar(15) DEFAULT NULL,
  `city` varchar(100) DEFAULT NULL,
  `state` varchar(50) DEFAULT NULL,
  `address` varchar(100) DEFAULT NULL,
  `assigned` int(11) NOT NULL,
  `dateadded` datetime NOT NULL,
  `from_form_id` int(11) NOT NULL DEFAULT 0,
  `status` int(11) NOT NULL,
  `source` int(11) NOT NULL,
  `lastcontact` datetime DEFAULT NULL,
  `dateassigned` date DEFAULT NULL,
  `last_status_change` datetime DEFAULT NULL,
  `addedfrom` int(11) NOT NULL,
  `email` varchar(150) DEFAULT NULL,
  `website` varchar(150) DEFAULT NULL,
  `leadorder` int(11) DEFAULT 1,
  `phonenumber` varchar(50) DEFAULT NULL,
  `date_converted` datetime DEFAULT NULL,
  `followup` int(11) NOT NULL,
  `lost` tinyint(1) NOT NULL DEFAULT 0,
  `junk` int(11) NOT NULL DEFAULT 0,
  `last_lead_status` int(11) NOT NULL DEFAULT 0,
  `is_imported_from_email_integration` tinyint(1) NOT NULL DEFAULT 0,
  `email_integration_uid` varchar(30) DEFAULT NULL,
  `is_public` tinyint(1) NOT NULL DEFAULT 0,
  `default_language` varchar(40) DEFAULT NULL,
  `client_id` int(11) NOT NULL DEFAULT 0
) ENGINE=MyISAM DEFAULT CHARSET=utf8;

--
-- Dumping data for table `tblleads`
--

INSERT INTO `tblleads` (`id`, `hash`, `name`, `title`, `company`, `description`, `country`, `zip`, `city`, `state`, `address`, `assigned`, `dateadded`, `from_form_id`, `status`, `source`, `lastcontact`, `dateassigned`, `last_status_change`, `addedfrom`, `email`, `website`, `leadorder`, `phonenumber`, `date_converted`, `followup`, `lost`, `junk`, `last_lead_status`, `is_imported_from_email_integration`, `email_integration_uid`, `is_public`, `default_language`, `client_id`) VALUES
(116, NULL, 'Rohan', NULL, NULL, NULL, 0, NULL, NULL, NULL, NULL, 35, '2020-01-01 02:30:00', 0, 11, 5, '2020-01-27 12:01:31', '2020-01-01', NULL, 0, 'rohanswami433@gmail.com', NULL, 1, '9922933408', NULL, 2, 0, 0, 0, 0, NULL, 0, NULL, 0),
(117, NULL, 'Dhiroj Jadhav', NULL, NULL, NULL, 0, NULL, NULL, NULL, NULL, 33, '2020-01-01 18:46:26', 0, 2, 5, '2020-02-01 18:09:28', '2020-01-01', NULL, 0, 'dhiroj02jadhav@gmail.com', NULL, 1, '8108337363', NULL, 3, 0, 0, 0, 0, NULL, 0, NULL, 0),
(118, NULL, 'SUMIT pote', NULL, NULL, NULL, 0, NULL, NULL, NULL, NULL, 41, '2020-01-01 19:35:46', 0, 20, 5, NULL, '2020-01-01', NULL, 0, 'Sumitpoteoo@gmail.com', NULL, 1, '9767911029', NULL, 0, 0, 0, 0, 0, NULL, 0, NULL, 0),
(115, NULL, 'Ruchhir Bhatt', NULL, NULL, NULL, 0, NULL, NULL, NULL, NULL, 41, '2019-12-31 21:52:14', 0, 20, 5, NULL, '2019-12-31', NULL, 0, 'ruchhir.bhatt@ril.com', NULL, 1, '9004397840', NULL, 0, 0, 0, 0, 0, NULL, 0, NULL, 0),
(110, NULL, 'Sumit jha', NULL, NULL, NULL, 0, NULL, NULL, NULL, NULL, 34, '2019-12-30 23:28:59', 0, 14, 5, '2020-01-03 13:34:32', '2019-12-30', NULL, 0, 'sumitjha042000@gmail.com', NULL, 1, '8104612713', NULL, 1, 0, 0, 0, 0, NULL, 0, NULL, 0),
(111, NULL, 'Avinash Dound', NULL, NULL, NULL, 0, NULL, NULL, NULL, NULL, 36, '2019-12-31 02:33:19', 0, 14, 5, '2020-01-20 16:10:01', '2019-12-31', NULL, 0, 'avinashdound07@gmail.com', NULL, 1, '9324414629', NULL, 3, 0, 0, 0, 0, NULL, 0, NULL, 0),
(112, NULL, 'Anna Autade', NULL, NULL, NULL, 0, NULL, NULL, NULL, NULL, 34, '2019-12-31 19:05:42', 0, 12, 5, '2020-01-03 13:34:58', '2019-12-31', NULL, 0, 'anaautade06@gmail.com', NULL, 1, '9075661592', NULL, 1, 0, 0, 0, 0, NULL, 0, NULL, 0),
(113, NULL, 'Ajay sharma', NULL, NULL, NULL, 0, NULL, NULL, NULL, NULL, 35, '2019-12-31 20:28:58', 0, 11, 5, '2020-01-27 12:03:16', '2019-12-31', NULL, 0, 'ajay7710914128@gmail.com', NULL, 1, '9167252935', NULL, 4, 0, 0, 0, 0, NULL, 0, NULL, 0),
(114, NULL, 'Sheshank', NULL, NULL, NULL, 0, NULL, NULL, NULL, NULL, 35, '2019-12-31 20:43:35', 0, 11, 5, '2020-01-16 11:44:42', '2019-12-31', NULL, 0, 'sheshachoreo@gmail.com', NULL, 1, '8851874130', NULL, 1, 0, 0, 0, 0, NULL, 0, NULL, 0),
(109, NULL, 'Kajal bangar', NULL, NULL, NULL, 0, NULL, NULL, NULL, NULL, 39, '2019-12-30 23:03:29', 0, 18, 5, '2020-01-17 15:38:17', '2019-12-30', NULL, 0, 'kundlikbangar1@gmail.com', NULL, 1, '9372839274', NULL, 1, 0, 0, 0, 0, NULL, 0, NULL, 0),
(108, NULL, 'Manish chavan', NULL, NULL, NULL, 0, NULL, NULL, NULL, NULL, 42, '2019-12-30 18:04:23', 0, 14, 5, '2020-01-11 16:13:53', '2019-12-30', NULL, 0, 'Manishchavan600@gmail.com', NULL, 1, '8097360530', NULL, 2, 0, 0, 0, 0, NULL, 0, NULL, 0),
(107, NULL, 'Nilesh Vinod Ghadigaonkar', NULL, NULL, NULL, 0, NULL, NULL, NULL, NULL, 35, '2019-12-30 14:12:17', 0, 9, 5, '2020-01-27 11:57:42', '2019-12-30', NULL, 0, 'nileshghadigaonkar1997@gmail.com', NULL, 1, '7718098877', NULL, 2, 0, 0, 0, 0, NULL, 0, NULL, 0),
(105, NULL, 'Sonali Nimbalkar-Rathod', NULL, NULL, NULL, 0, NULL, NULL, NULL, NULL, 38, '2019-12-30 01:26:55', 0, 12, 2, '2019-12-30 12:09:43', '2019-12-30', NULL, 0, 'sonali.rathod2008@gmail.com', NULL, 1, '7977418158', NULL, 1, 0, 0, 0, 0, NULL, 0, NULL, 0),
(106, NULL, 'Sagar Santosh Kundekar ', NULL, NULL, NULL, 0, NULL, NULL, NULL, NULL, 41, '2019-12-30 13:57:49', 0, 20, 5, NULL, '2019-12-30', NULL, 0, 'sagarkundekar09.sk@gmail.com', NULL, 1, '9619589569', NULL, 0, 0, 0, 0, 0, NULL, 0, NULL, 0),
(104, NULL, 'Ar. Rajvee Shah', NULL, NULL, NULL, 0, NULL, NULL, NULL, NULL, 33, '2019-12-30 01:25:30', 0, 9, 2, '2020-01-08 13:28:29', '2019-12-30', NULL, 0, 'rajveeshah004@gmail.com', NULL, 1, '9769392227', NULL, 2, 0, 0, 0, 0, NULL, 0, NULL, 0),
(103, NULL, 'Suraj Kumar', NULL, NULL, NULL, 0, NULL, NULL, NULL, NULL, 41, '2019-12-30 01:25:07', 0, 20, 2, NULL, '2019-12-30', NULL, 0, 'sk7248680708@gmail.com', NULL, 1, '9119246484', NULL, 0, 0, 0, 0, 0, NULL, 0, NULL, 0),
(102, NULL, 'RAMESH BABU MANE', NULL, NULL, NULL, 0, NULL, NULL, NULL, NULL, 35, '2019-12-30 01:24:20', 0, 11, 2, '2020-01-29 13:17:32', '2019-12-30', NULL, 0, 'mane.ramesh7@gmail.com', NULL, 1, '7798693307', NULL, 2, 0, 0, 0, 0, NULL, 0, NULL, 0),
(96, NULL, 'Darshan kothawe', NULL, NULL, NULL, 0, NULL, NULL, NULL, NULL, 35, '2019-12-27 20:48:08', 0, 11, 5, '2020-01-16 11:55:47', '2019-12-27', NULL, 0, 'kothawdedarshan7066@gmail.com', NULL, 1, '7066069812', NULL, 1, 0, 0, 0, 0, NULL, 0, NULL, 0),
(97, NULL, 'Aniket Parbate', NULL, NULL, NULL, 0, NULL, NULL, NULL, NULL, 35, '2019-12-27 22:21:07', 0, 11, 5, '2020-01-16 11:52:23', '2019-12-27', NULL, 0, 'aniketparbate1@gmail.com', NULL, 1, '8898101089', NULL, 2, 0, 0, 0, 0, NULL, 0, NULL, 0),
(98, NULL, 'yash sugdare', NULL, NULL, NULL, 0, NULL, NULL, NULL, NULL, 35, '2019-12-28 16:42:45', 0, 9, 5, '2020-01-16 11:59:39', '2019-12-28', NULL, 0, 'yash.sugdare@gmail.com', NULL, 1, '8850541969', NULL, 2, 0, 0, 0, 0, NULL, 0, NULL, 0),
(99, NULL, 'Izza', NULL, NULL, NULL, 0, NULL, NULL, NULL, NULL, 40, '2019-12-29 15:23:06', 0, 14, 5, '2020-02-03 16:10:23', '2019-12-29', NULL, 0, 'Izzamapari456@gmail.com', NULL, 1, '7738993806', NULL, 3, 0, 0, 0, 0, NULL, 0, NULL, 0),
(100, NULL, 'Nandakumar solkar ', NULL, NULL, NULL, 0, NULL, NULL, NULL, NULL, 34, '2019-12-29 19:00:06', 0, 14, 5, '2019-12-30 15:02:42', '2019-12-29', NULL, 0, 'sunitasolkar115@gmail.com', NULL, 1, '9967773725', NULL, 1, 0, 0, 0, 0, NULL, 0, NULL, 0),
(101, NULL, 'Shabin franklin', NULL, NULL, NULL, 0, NULL, NULL, NULL, NULL, 34, '2019-12-30 09:55:29', 0, 10, 5, '2019-12-30 15:02:57', '2019-12-30', NULL, 0, 'shabinfranklin7@gmail.com', NULL, 1, '7907496398', NULL, 1, 0, 0, 0, 0, NULL, 0, NULL, 0),
(119, NULL, 'Divyata ', NULL, NULL, NULL, 0, NULL, NULL, NULL, NULL, 36, '2020-01-01 20:00:54', 0, 10, 5, '2020-01-18 19:12:29', '2020-01-01', NULL, 0, 'kdivyata97@gmail.com', NULL, 1, '7718802798', NULL, 2, 0, 0, 0, 0, NULL, 0, NULL, 0),
(120, NULL, 'Pranay bhoir', NULL, NULL, NULL, 0, NULL, NULL, NULL, NULL, 34, '2020-01-01 20:34:04', 0, 9, 5, '2020-01-03 13:35:13', '2020-01-01', NULL, 0, 'Pranay.bhoir@gmail.com', NULL, 1, '8482855087', NULL, 1, 0, 0, 0, 0, NULL, 0, NULL, 0),
(121, NULL, 'Mudra', NULL, NULL, NULL, 0, NULL, NULL, NULL, NULL, 35, '2020-01-02 10:48:58', 0, 9, 5, '2020-01-16 11:53:37', '2020-01-02', NULL, 0, 'Mudrakaklotter@gmail.com', NULL, 1, '9372646320', NULL, 2, 0, 0, 0, 0, NULL, 0, NULL, 0),
(122, NULL, 'Runu sk', NULL, NULL, NULL, 0, NULL, NULL, NULL, NULL, 41, '2020-01-02 01:25:23', 0, 20, 2, NULL, '2020-01-02', NULL, 0, 'sk293382@gmail.com', NULL, 1, '9083318285', NULL, 0, 0, 0, 0, 0, NULL, 0, NULL, 0),
(123, NULL, 'Rutik kurle', NULL, NULL, NULL, 0, NULL, NULL, NULL, NULL, 35, '2020-01-02 01:26:13', 0, 12, 2, '2020-01-27 12:03:52', '2020-01-02', NULL, 0, 'kurlerutik40@gmail.com', NULL, 1, '9370857342', NULL, 2, 0, 0, 0, 0, NULL, 0, NULL, 0),
(124, NULL, 'chetan jogale', NULL, NULL, NULL, 0, NULL, NULL, NULL, NULL, 34, '2020-01-02 01:26:38', 0, 14, 2, '2020-01-03 13:35:36', '2020-01-02', NULL, 0, 'chetanjogale111@gmail.com', NULL, 1, '8424998676', NULL, 1, 0, 0, 0, 0, NULL, 0, NULL, 0),
(125, NULL, 'Annadurai', NULL, NULL, NULL, 0, NULL, NULL, NULL, NULL, 36, '2020-01-02 15:15:17', 0, 14, 5, '2020-01-23 13:51:02', '2020-01-02', NULL, 0, 'dsannadurai@gmail.com', NULL, 1, '8124050690', NULL, 3, 0, 0, 0, 0, NULL, 0, NULL, 0),
(126, NULL, 'Rolance', NULL, NULL, NULL, 0, NULL, NULL, NULL, NULL, 34, '2020-01-02 15:38:14', 0, 11, 5, '2020-01-03 13:33:14', '2020-01-02', NULL, 0, 'rolancewilliamsnadar@gmail.com', NULL, 1, '8652708930', NULL, 1, 0, 0, 0, 0, NULL, 0, NULL, 0),
(127, NULL, 'Prashant Thakur', NULL, NULL, NULL, 0, NULL, NULL, NULL, NULL, 41, '2020-01-02 16:53:31', 0, 20, 5, NULL, '2020-01-02', NULL, 0, 'prashant.thakur.18.pt@gmail.com', NULL, 1, '7972338377', NULL, 0, 0, 0, 0, 0, NULL, 0, NULL, 0),
(128, NULL, 'Krishna', NULL, NULL, NULL, 0, NULL, NULL, NULL, NULL, 38, '2020-01-03 00:27:40', 0, 11, 1, '2020-01-03 15:10:21', '2020-01-03', NULL, 0, 'kc379964@gmail.com', NULL, 1, '7070022409', NULL, 1, 0, 0, 0, 0, NULL, 0, NULL, 0),
(129, NULL, 'Farid', NULL, NULL, NULL, 0, NULL, NULL, NULL, NULL, 34, '2020-01-03 01:16:39', 0, 2, 5, '2020-01-03 13:37:45', '2020-01-03', NULL, 0, 'faridkamru@gmail.com', NULL, 1, '9152299350', NULL, 1, 0, 0, 0, 0, NULL, 0, NULL, 0),
(130, NULL, 'Farid', NULL, NULL, NULL, 0, NULL, NULL, NULL, NULL, 34, '2020-01-03 01:17:48', 0, 8, 5, '2020-01-03 13:38:03', '2020-01-03', NULL, 0, 'faridkamru@gmail.com', NULL, 1, '9152299350', NULL, 1, 0, 0, 0, 0, NULL, 0, NULL, 0),
(131, NULL, 'Dhulipala Rakhal', NULL, NULL, NULL, 0, NULL, NULL, NULL, NULL, 35, '2020-01-03 01:27:19', 0, 18, 5, '2020-01-27 13:55:32', '2020-01-03', NULL, 0, 'Sharpyplatogonist@gmail.com', NULL, 1, '7895215321', NULL, 2, 0, 0, 0, 0, NULL, 0, NULL, 0),
(132, NULL, 'zccirshadali@gmail.com', NULL, NULL, NULL, 0, NULL, NULL, NULL, NULL, 35, '2020-01-03 01:51:59', 0, 14, 5, '2020-01-16 11:40:01', '2020-01-03', NULL, 0, 'zccirshadali@gmail.com', NULL, 1, '7738433369', NULL, 1, 0, 0, 0, 0, NULL, 0, NULL, 0),
(133, NULL, 'Abhimanyu sharma', NULL, NULL, NULL, 0, NULL, NULL, NULL, NULL, 35, '2020-01-03 06:29:32', 0, 14, 5, '2020-01-16 11:39:20', '2020-01-03', NULL, 0, 'manyuabhi78@gmail.com', NULL, 1, '9167387050', NULL, 1, 0, 0, 0, 0, NULL, 0, NULL, 0),
(134, NULL, 'junaid iqbal gothekar', NULL, NULL, NULL, 0, NULL, NULL, NULL, NULL, 33, '2020-01-03 10:00:04', 0, 14, 5, '2020-02-05 18:23:46', '2020-01-03', NULL, 0, 'junaidgothekar823717@outlook.com', NULL, 1, '8237172372', NULL, 6, 0, 0, 0, 0, NULL, 0, NULL, 0),
(135, NULL, 'Tina Gyanchandani', NULL, NULL, NULL, 0, NULL, NULL, NULL, NULL, 37, '2020-01-03 12:20:33', 0, 9, 5, '2020-01-20 16:09:03', '2020-01-03', NULL, 0, 'tina.gyanchandani@gmail.com', NULL, 1, '9920925198', NULL, 1, 0, 0, 0, 0, NULL, 0, NULL, 0),
(136, NULL, 'Manav kothari', NULL, NULL, NULL, 0, NULL, NULL, NULL, NULL, 35, '2020-01-04 07:34:03', 0, 14, 5, '2020-01-16 11:38:21', '2020-01-04', NULL, 0, 'kotharimanav3@gmail.com', NULL, 1, '8828450938', NULL, 1, 0, 0, 0, 0, NULL, 0, NULL, 0),
(137, NULL, 'shahbaz kadri', NULL, NULL, NULL, 0, NULL, NULL, NULL, NULL, 35, '2020-01-04 10:47:31', 0, 9, 5, '2020-01-16 11:37:01', '2020-01-04', NULL, 0, 'Shahbaz.kadri@impactguru.com', NULL, 1, '8879266593', NULL, 1, 0, 0, 0, 0, NULL, 0, NULL, 0),
(138, NULL, 'Sakir Hussain', NULL, NULL, NULL, 0, NULL, NULL, NULL, NULL, 38, '2020-01-04 11:23:23', 0, 9, 5, '2020-01-04 11:47:21', '2020-01-04', NULL, 0, 'sakirhussain22200@gmail.com', NULL, 1, '9702237513', NULL, 1, 0, 0, 0, 0, NULL, 0, NULL, 0),
(139, NULL, 'Aparna Deotale ', NULL, NULL, NULL, 0, NULL, NULL, NULL, NULL, 34, '2020-01-04 17:46:55', 0, 12, 5, '2020-01-06 11:13:23', '2020-01-04', NULL, 0, 'dreamingsuccess99@gmail.com', NULL, 1, '8329495844', NULL, 1, 0, 0, 0, 0, NULL, 0, NULL, 0),
(140, NULL, 'Deepak Kumar', NULL, NULL, NULL, 0, NULL, NULL, NULL, NULL, 38, '2020-01-04 18:39:26', 0, 9, 5, '2020-01-04 22:24:33', '2020-01-04', NULL, 0, 'dk8726481@gmail.com', NULL, 1, '9867994940', NULL, 1, 0, 0, 0, 0, NULL, 0, NULL, 0),
(141, NULL, 'Nikhil Chauhan', NULL, NULL, NULL, 0, NULL, NULL, NULL, NULL, 41, '2020-01-04 19:02:58', 0, 20, 5, NULL, '2020-01-04', NULL, 0, 'Nikhilchauhan@gmail.com', NULL, 1, '9990773392', NULL, 0, 0, 0, 0, 0, NULL, 0, NULL, 0),
(142, NULL, 'RAJ SHARMA ', NULL, NULL, NULL, 0, NULL, NULL, NULL, NULL, 34, '2020-01-04 21:51:25', 0, 2, 5, '2020-01-06 11:31:53', '2020-01-04', NULL, 0, 'sharmaraj12123@gmail.com', NULL, 1, '7875324119', NULL, 1, 0, 0, 0, 0, NULL, 0, NULL, 0),
(143, NULL, 'Sandesh jadhav', NULL, NULL, NULL, 0, NULL, NULL, NULL, NULL, 39, '2020-01-05 10:44:18', 0, 11, 5, '2020-01-20 12:14:21', '2020-01-05', NULL, 0, 'jadhavsandesh2002@gmail.com', NULL, 1, '9920574994', NULL, 1, 0, 0, 0, 0, NULL, 0, NULL, 0),
(144, NULL, 'Sandesh jadhav', NULL, NULL, NULL, 0, NULL, NULL, NULL, NULL, 39, '2020-01-05 10:45:39', 0, 8, 5, '2020-01-20 12:15:39', '2020-01-05', NULL, 0, 'jadhavsandesh004@gmail.com', NULL, 1, '9920574994', NULL, 2, 0, 0, 0, 0, NULL, 0, NULL, 0),
(145, NULL, 'Mithil Mishra', NULL, NULL, NULL, 0, NULL, NULL, NULL, NULL, 38, '2020-01-05 11:22:40', 0, 11, 5, '2020-01-06 10:48:43', '2020-01-05', NULL, 0, 'mithilmishra12321@gmail.co', NULL, 1, '9867659540', NULL, 1, 0, 0, 0, 0, NULL, 0, NULL, 0),
(146, NULL, 'Mohit lalwani', NULL, NULL, NULL, 0, NULL, NULL, NULL, NULL, 34, '2020-01-05 12:44:07', 0, 11, 5, '2020-01-06 11:32:11', '2020-01-05', NULL, 0, 'mohitlalwani883@gmail.com', NULL, 1, '9529008048', NULL, 1, 0, 0, 0, 0, NULL, 0, NULL, 0),
(147, NULL, 'Aatika', NULL, NULL, NULL, 0, NULL, NULL, NULL, NULL, 40, '2020-01-05 15:21:04', 0, 14, 5, '2020-02-03 16:09:55', '2020-01-05', NULL, 0, 'bablughachi@gmail.com', NULL, 1, '9324550282', NULL, 4, 0, 0, 0, 0, NULL, 0, NULL, 0),
(148, NULL, 'Vishal Naik', NULL, NULL, NULL, 0, NULL, NULL, NULL, NULL, 34, '2020-01-05 19:28:20', 0, 11, 5, '2020-01-06 11:49:18', '2020-01-05', NULL, 0, '99naikvishal@gmail.com', NULL, 1, '7264047880', NULL, 1, 0, 0, 0, 0, NULL, 0, NULL, 0),
(149, NULL, 'Sayyed Mohammad Adil', NULL, NULL, NULL, 0, NULL, NULL, NULL, NULL, 34, '2020-01-05 22:57:49', 0, 14, 2, '2020-01-06 11:50:36', '2020-01-05', NULL, 0, 'aadil.connect@gmail.com', NULL, 1, '7400206115', NULL, 1, 0, 0, 0, 0, NULL, 0, NULL, 0),
(150, NULL, 'Nagesh Ashok Sabale', NULL, NULL, NULL, 0, NULL, NULL, NULL, NULL, 34, '2020-01-05 22:58:09', 0, 14, 2, '2020-01-06 19:29:26', '2020-01-05', NULL, 0, 'nageshsabale98@gmail.com', NULL, 1, '7261998102', NULL, 1, 0, 0, 0, 0, NULL, 0, NULL, 0),
(151, NULL, 'Alokeparna Roy', NULL, NULL, NULL, 0, NULL, NULL, NULL, NULL, 41, '2020-01-06 10:37:33', 0, 20, 5, NULL, '2020-01-06', NULL, 0, 'alokeparna30@gmail.com', NULL, 1, '9873865302', NULL, 0, 0, 0, 0, 0, NULL, 0, NULL, 0),
(152, NULL, 'uttam', NULL, NULL, NULL, 0, NULL, NULL, NULL, NULL, 35, '2020-01-06 12:16:56', 0, 14, 5, '2020-01-16 11:35:31', '2020-01-06', NULL, 0, 'uttamb90@gmail.com', NULL, 1, '7506608632', NULL, 1, 0, 0, 0, 0, NULL, 0, NULL, 0),
(153, NULL, 'Sheetal', NULL, NULL, NULL, 0, NULL, NULL, NULL, NULL, 35, '2020-01-06 13:42:49', 0, 18, 5, '2020-01-27 12:13:06', '2020-01-06', NULL, 0, 'Simran02@rediffmail.com', NULL, 1, '9820249671', NULL, 2, 0, 0, 0, 0, NULL, 0, NULL, 0),
(154, NULL, 'Adwait Mate', NULL, NULL, NULL, 0, NULL, NULL, NULL, NULL, 34, '2020-01-06 14:44:51', 0, 11, 5, '2020-01-06 19:31:25', '2020-01-06', NULL, 0, 'adwait1447@gmail.com', NULL, 1, '9930726497', NULL, 1, 0, 0, 0, 0, NULL, 0, NULL, 0),
(155, NULL, 'Adnan Ahmed', NULL, NULL, NULL, 0, NULL, NULL, NULL, NULL, 35, '2020-01-06 18:08:40', 0, 14, 5, '2020-01-16 11:26:12', '2020-01-06', NULL, 0, 'adnaana06@gmail.com', NULL, 1, '7559175267', NULL, 1, 0, 0, 0, 0, NULL, 0, NULL, 0),
(156, NULL, 'Sairaj okate', NULL, NULL, NULL, 0, NULL, NULL, NULL, NULL, 34, '2020-01-06 18:26:42', 0, 14, 5, '2020-01-06 19:32:35', '2020-01-06', NULL, 0, 'sairajokate786@gmail.com', NULL, 1, '8879252306', NULL, 1, 0, 0, 0, 0, NULL, 0, NULL, 0),
(157, NULL, 'Narendra chauhan', NULL, NULL, NULL, 0, NULL, NULL, NULL, NULL, 41, '2020-01-06 18:52:54', 0, 20, 5, NULL, '2020-01-06', NULL, 0, 'nc68540@gmail.com', NULL, 1, '9026693486', NULL, 0, 0, 0, 0, 0, NULL, 0, NULL, 0),
(158, NULL, 'Mukesh Pawar', NULL, NULL, NULL, 0, NULL, NULL, NULL, NULL, 34, '2020-01-07 02:12:10', 0, 11, 5, '2020-01-07 17:53:08', '2020-01-07', NULL, 0, 'akash.mp57@gmail.com', NULL, 1, '8655779353', NULL, 1, 0, 0, 0, 0, NULL, 0, NULL, 0),
(159, NULL, 'Prashant Jawale', NULL, NULL, NULL, 0, NULL, NULL, NULL, NULL, 33, '2020-01-07 05:15:23', 0, 9, 5, '2020-02-06 11:47:07', '2020-01-07', NULL, 0, 'prashant8898523719@gmail.com', NULL, 1, '8828292912', NULL, 4, 0, 0, 0, 0, NULL, 0, NULL, 0),
(160, NULL, 'santosh kabade', NULL, NULL, NULL, 0, NULL, NULL, NULL, NULL, 36, '2020-01-07 05:29:32', 0, 14, 5, '2020-01-24 12:20:34', '2020-01-07', NULL, 0, 'santoshkabade12@gmail.com', NULL, 1, '8625014841', NULL, 3, 0, 0, 0, 0, NULL, 0, NULL, 0),
(161, NULL, 'Jyotsna mahajan', NULL, NULL, NULL, 0, NULL, NULL, NULL, NULL, 34, '2020-01-07 09:25:11', 0, 11, 5, '2020-01-07 17:55:41', '2020-01-07', NULL, 0, 'vikasrmahajan@gmail.com', NULL, 1, '8652874776', NULL, 1, 0, 0, 0, 0, NULL, 0, NULL, 0),
(162, NULL, 'AD', NULL, NULL, NULL, 0, NULL, NULL, NULL, NULL, 35, '2020-01-07 09:38:05', 0, 11, 5, '2020-01-16 11:25:34', '2020-01-07', NULL, 0, 'aniketdambre34@gmail.com', NULL, 1, '9619667804', NULL, 1, 0, 0, 0, 0, NULL, 0, NULL, 0),
(163, NULL, 'Madhukesh', NULL, NULL, NULL, 0, NULL, NULL, NULL, NULL, 34, '2020-01-07 11:51:55', 0, 18, 5, '2020-01-20 10:38:33', '2020-01-07', NULL, 0, 'msonilkar@gmail.com', NULL, 1, '7507562125', NULL, 2, 0, 0, 0, 0, NULL, 0, NULL, 0),
(164, NULL, 'Priyanka', NULL, NULL, NULL, 0, NULL, NULL, NULL, NULL, 33, '2020-01-07 14:16:18', 0, 14, 5, '2020-02-06 11:48:28', '2020-01-07', NULL, 0, 'sulakhepriyanka1999@gmail.com', NULL, 1, '8779883192', NULL, 4, 0, 0, 0, 0, NULL, 0, NULL, 0),
(165, NULL, 'Rajesh Yadav', NULL, NULL, NULL, 0, NULL, NULL, NULL, NULL, 37, '2020-01-07 16:12:15', 0, 14, 5, '2020-01-20 16:07:32', '2020-01-07', NULL, 0, 'rajuavenger01@gmail.com', NULL, 1, '7045436463', NULL, 1, 0, 0, 0, 0, NULL, 0, NULL, 0),
(166, NULL, 'Meet Kachhara', NULL, NULL, NULL, 0, NULL, NULL, NULL, NULL, 38, '2020-01-07 17:29:41', 0, 11, 5, '2020-01-07 17:52:48', '2020-01-07', NULL, 0, 'meetkachhara@gmail.com', NULL, 1, '8888833550', NULL, 1, 0, 0, 0, 0, NULL, 0, NULL, 0),
(167, NULL, 'Rahul Nishar', NULL, NULL, NULL, 0, NULL, NULL, NULL, NULL, 40, '2020-01-07 18:18:20', 0, 11, 5, '2020-01-10 11:40:13', '2020-01-07', NULL, 0, 'rahulnishar1997@gmail.com', NULL, 1, '9930596499', NULL, 2, 0, 0, 0, 0, NULL, 0, NULL, 0),
(168, NULL, 'Vishvanath vagare', NULL, NULL, NULL, 0, NULL, NULL, NULL, NULL, 35, '2020-01-07 22:49:53', 0, 10, 5, '2020-02-03 15:59:54', '2020-01-07', NULL, 0, 'vishvanathvagare660@gmail.com', NULL, 1, '9082389761', NULL, 2, 0, 0, 0, 0, NULL, 0, NULL, 0),
(169, NULL, 'Bhavika Padaya', NULL, NULL, NULL, 0, NULL, NULL, NULL, NULL, 35, '2020-01-07 23:59:43', 0, 11, 5, '2020-01-16 11:22:51', '2020-01-07', NULL, 0, 'bhavika9001@gmail.com', NULL, 1, '8291215134', NULL, 1, 0, 0, 0, 0, NULL, 0, NULL, 0),
(170, NULL, 'Ajit yadav', NULL, NULL, NULL, 0, NULL, NULL, NULL, NULL, 34, '2020-01-08 01:26:33', 0, 2, 2, '2020-01-08 13:15:00', '2020-01-08', NULL, 0, 'yadavg8853@gmail.com', NULL, 1, '7021868373', NULL, 2, 0, 0, 0, 0, NULL, 0, NULL, 0),
(171, NULL, 'kisan vishwakarma', NULL, NULL, NULL, 0, NULL, NULL, NULL, NULL, 34, '2020-01-08 01:27:23', 0, 2, 2, '2020-01-08 13:14:54', '2020-01-08', NULL, 0, 'vishwakarmakisan@gmail.com', NULL, 1, '8692810825', NULL, 1, 0, 0, 0, 0, NULL, 0, NULL, 0),
(172, NULL, 'Rupali awari', NULL, NULL, NULL, 0, NULL, NULL, NULL, NULL, 33, '2020-01-08 01:27:52', 0, 14, 5, '2020-01-23 18:23:11', '2020-01-08', NULL, 0, 'rupaliawari7523@gmail.com', NULL, 1, '8652450848', NULL, 3, 0, 0, 0, 0, NULL, 0, NULL, 0),
(173, NULL, 'roshan saintmayer', NULL, NULL, NULL, 0, NULL, NULL, NULL, NULL, 34, '2020-01-08 01:28:14', 0, 11, 2, '2020-01-08 13:36:53', '2020-01-08', NULL, 0, 'roshanmayer123@gmail.com', NULL, 1, '9372875414', NULL, 1, 0, 0, 0, 0, NULL, 0, NULL, 0),
(174, NULL, 'Nikhil Pol', NULL, NULL, NULL, 0, NULL, NULL, NULL, NULL, 41, '2020-01-08 12:28:55', 0, 20, 5, NULL, '2020-01-08', NULL, 0, 'shreekantpol@gmail.com', NULL, 1, '9920615898', NULL, 0, 0, 0, 0, 0, NULL, 0, NULL, 0),
(175, NULL, 'Abdul Majeed', NULL, NULL, NULL, 0, NULL, NULL, NULL, NULL, 40, '2020-01-08 14:00:27', 0, 11, 5, '2020-01-10 11:39:34', '2020-01-08', NULL, 0, 'majeedans786@gmail.com', NULL, 1, '8104014061', NULL, 1, 0, 0, 0, 0, NULL, 0, NULL, 0),
(176, NULL, 'Anil', NULL, NULL, NULL, 0, NULL, NULL, NULL, NULL, 36, '2020-01-08 16:35:52', 0, 2, 5, '2020-01-24 12:22:56', '2020-01-08', NULL, 0, 'Anilbhaud6698@gmail.com', NULL, 1, '8652315839', NULL, 2, 0, 0, 0, 0, NULL, 0, NULL, 0),
(177, NULL, 'Shailendra', NULL, NULL, NULL, 0, NULL, NULL, NULL, NULL, 34, '2020-01-08 17:24:03', 0, 14, 5, '2020-01-08 17:33:55', '2020-01-08', NULL, 0, 'Shailendrajha123@yahoo.co.in', NULL, 1, '8169482970', NULL, 1, 0, 0, 0, 0, NULL, 0, NULL, 0),
(178, NULL, 'Vedant Vasant Raskar', NULL, NULL, NULL, 0, NULL, NULL, NULL, NULL, 36, '2020-01-08 17:59:01', 0, 9, 5, '2020-01-15 16:23:52', '2020-01-08', NULL, 0, 'vedantraskar1701@gmail.com', NULL, 1, '8424006401', NULL, 1, 0, 0, 0, 0, NULL, 0, NULL, 0),
(179, NULL, 'Nandesh', NULL, NULL, NULL, 0, NULL, NULL, NULL, NULL, 34, '2020-01-08 19:04:33', 0, 12, 5, '2020-01-09 11:26:39', '2020-01-08', NULL, 0, 'nandesh995@gmail.com', NULL, 1, '9967641142', NULL, 3, 0, 0, 0, 0, NULL, 0, NULL, 0),
(180, NULL, 'juhi shah', NULL, NULL, NULL, 0, NULL, NULL, NULL, NULL, 35, '2020-01-08 20:07:56', 0, 11, 5, '2020-01-16 11:22:43', '2020-01-08', NULL, 0, 'shahjuhi17@gmail.com', NULL, 1, '9833727368', NULL, 1, 0, 0, 0, 0, NULL, 0, NULL, 0),
(181, NULL, 'Khan aabid', NULL, NULL, NULL, 0, NULL, NULL, NULL, NULL, 33, '2020-01-08 20:49:00', 0, 14, 5, '2020-02-05 18:23:32', '2020-01-08', NULL, 0, 'khanaabid3949@gmail.com', NULL, 1, '7039221792', NULL, 4, 0, 0, 0, 0, NULL, 0, NULL, 0),
(182, NULL, 'Akhiyar shailh', NULL, NULL, NULL, 0, NULL, NULL, NULL, NULL, 41, '2020-01-08 21:56:38', 0, 20, 5, NULL, '2020-01-08', NULL, 0, 'akhiyar16@gmail.com', NULL, 1, '9082941415', NULL, 0, 0, 0, 0, 0, NULL, 0, NULL, 0),
(183, NULL, 'umesh mahankar', NULL, NULL, NULL, 0, NULL, NULL, NULL, NULL, 34, '2020-01-09 01:02:48', 0, 9, 5, '2020-02-12 15:45:56', '2020-01-09', NULL, 0, 'umeshmahankar@gmail.com', NULL, 1, '9284647313', NULL, 3, 0, 0, 0, 0, NULL, 0, NULL, 0),
(184, NULL, 'Neha Singh', NULL, NULL, NULL, 0, NULL, NULL, NULL, NULL, 40, '2020-01-09 10:00:48', 0, 9, 5, '2020-02-03 15:52:02', '2020-01-09', NULL, 0, 'sonalisingh1123@rediffmail.com', NULL, 1, '9515266881', NULL, 3, 0, 0, 0, 0, NULL, 0, NULL, 0),
(185, NULL, 'Barkat Ali', NULL, NULL, NULL, 0, NULL, NULL, NULL, NULL, 34, '2020-01-09 00:10:24', 0, 14, 5, '2020-01-09 11:29:54', '2020-01-09', NULL, 0, 'alib87806@gmail.com', NULL, 1, '9556654130', NULL, 1, 0, 0, 0, 0, NULL, 0, NULL, 0),
(186, NULL, 'SIDDHESH', NULL, NULL, NULL, 0, NULL, NULL, NULL, NULL, 35, '2020-01-09 10:41:00', 0, 9, 5, '2020-01-27 12:17:36', '2020-01-09', NULL, 0, 'sidbahadkar@ymail.com', NULL, 1, '9769487624', NULL, 4, 0, 0, 0, 0, NULL, 0, NULL, 0),
(187, NULL, 'Shubham nevrekar', NULL, NULL, NULL, 0, NULL, NULL, NULL, NULL, 35, '2020-01-09 00:11:32', 0, 11, 2, '2020-01-16 11:18:39', '2020-01-09', NULL, 0, 'nevrekar777@gmail.com', NULL, 1, '9561150161', NULL, 2, 0, 0, 0, 0, NULL, 0, NULL, 0),
(188, NULL, 'sanam', NULL, NULL, NULL, 0, NULL, NULL, NULL, NULL, 40, '2020-01-09 14:31:45', 0, 10, 5, '2020-02-13 10:25:18', '2020-01-09', NULL, 0, 'jainsanam99@gmail.com', NULL, 1, '9819571414', NULL, 3, 0, 0, 0, 0, NULL, 0, NULL, 0),
(189, NULL, 'sanam', NULL, NULL, NULL, 0, NULL, NULL, NULL, NULL, 40, '2020-01-09 14:32:51', 0, 8, 5, '2020-02-03 16:06:09', '2020-01-09', NULL, 0, 'jainsanam99@gmail.com', NULL, 1, '9819571414', NULL, 3, 0, 0, 0, 0, NULL, 0, NULL, 0),
(190, NULL, 'Bhavika Padaya', NULL, NULL, NULL, 0, NULL, NULL, NULL, NULL, 35, '2020-01-09 17:33:15', 0, 8, 5, '2020-01-16 11:14:21', '2020-01-09', NULL, 0, 'bhavika9001@gmail.com', NULL, 1, '8291215134', NULL, 1, 0, 0, 0, 0, NULL, 0, NULL, 0),
(191, NULL, 'Vikrant', NULL, NULL, NULL, 0, NULL, NULL, NULL, NULL, 33, '2020-01-09 18:02:02', 0, 9, 5, '2020-02-06 11:53:00', '2020-01-09', NULL, 0, 'tambevicky161@gmail.com', NULL, 1, '8689962343', NULL, 5, 0, 0, 0, 0, NULL, 0, NULL, 0),
(192, NULL, 'Tamal debnath', NULL, NULL, NULL, 0, NULL, NULL, NULL, NULL, 34, '2020-01-09 23:57:09', 0, 11, 2, '2020-01-10 12:22:48', '2020-01-09', NULL, 0, 'tamaldebnath199@gmail.com', NULL, 1, '8356974679', NULL, 1, 0, 0, 0, 0, NULL, 0, NULL, 0),
(193, NULL, 'samim', NULL, NULL, NULL, 0, NULL, NULL, NULL, NULL, 36, '2020-01-09 23:58:29', 0, 10, 2, '2020-01-24 12:21:58', '2020-01-09', NULL, 0, 'rajushamim889@gmail.com', NULL, 1, '9954753532', NULL, 2, 0, 0, 0, 0, NULL, 0, NULL, 0),
(194, NULL, 'Rohan saykar', NULL, NULL, NULL, 0, NULL, NULL, NULL, NULL, 38, '2020-01-09 23:58:50', 0, 9, 2, '2020-01-11 10:56:53', '2020-01-09', NULL, 0, 'rohansaykar2002@gmail.com', NULL, 1, '7045115081', NULL, 2, 0, 0, 0, 0, NULL, 0, NULL, 0),
(195, NULL, 'Kafeel Khan', NULL, NULL, NULL, 0, NULL, NULL, NULL, NULL, 33, '2020-01-09 23:59:09', 0, 12, 2, '2020-01-14 18:25:32', '2020-01-09', NULL, 0, 'ansaribrothers569@gmail.com', NULL, 1, '9984172398', NULL, 1, 0, 0, 0, 0, NULL, 0, NULL, 0),
(196, NULL, 'Mukesh vaishnav', NULL, NULL, NULL, 0, NULL, NULL, NULL, NULL, 36, '2020-01-10 11:04:55', 0, 14, 5, '2020-01-15 16:24:14', '2020-01-10', NULL, 0, 'mvaishnav787@gmail.com', NULL, 1, '8453933527', NULL, 1, 0, 0, 0, 0, NULL, 0, NULL, 0),
(197, NULL, 'akhtar sheikh', NULL, NULL, NULL, 0, NULL, NULL, NULL, NULL, 38, '2020-01-10 11:09:47', 0, 11, 1, '2020-01-10 12:12:37', '2020-01-10', NULL, 0, 'akhtarsheikh8910@gmail.com', NULL, 1, '8879070724', NULL, 1, 0, 0, 0, 0, NULL, 0, NULL, 0),
(198, NULL, 'vijay', NULL, NULL, NULL, 0, NULL, NULL, NULL, NULL, 34, '2020-01-10 11:54:49', 0, 11, 5, '2020-01-10 12:25:00', '2020-01-10', NULL, 0, 'vijaykumavat09@gmail.com', NULL, 1, '8805102088', NULL, 1, 0, 0, 0, 0, NULL, 0, NULL, 0),
(199, NULL, 'Tejas Narula', NULL, NULL, NULL, 0, NULL, NULL, NULL, NULL, 40, '2020-01-10 12:31:40', 0, 9, 5, '2020-01-20 10:31:40', '2020-01-10', NULL, 0, 'tejasnarula@gmail.com', NULL, 1, '9819412912', NULL, 1, 0, 0, 0, 0, NULL, 0, NULL, 0),
(200, NULL, 'sachin tari', NULL, NULL, NULL, 0, NULL, NULL, NULL, NULL, 35, '2020-01-10 16:15:02', 0, 14, 5, '2020-01-16 11:14:02', '2020-01-10', NULL, 0, 'sachintari07@gmail.com', NULL, 1, '8329209883', NULL, 1, 0, 0, 0, 0, NULL, 0, NULL, 0),
(201, NULL, 'Dnyanesh  Birajdar', NULL, NULL, NULL, 0, NULL, NULL, NULL, NULL, 38, '2020-01-10 16:24:36', 0, 9, 5, '2020-01-14 10:56:33', '2020-01-10', NULL, 0, 'dnyaneshbirajdararch@gmail.com', NULL, 1, '7506223763', NULL, 2, 0, 0, 0, 0, NULL, 0, NULL, 0),
(202, NULL, 'Aniket Wagh', NULL, NULL, NULL, 0, NULL, NULL, NULL, NULL, 41, '2020-01-10 19:04:25', 0, 20, 5, NULL, '2020-01-10', NULL, 0, 'atnikew@gmail.com', NULL, 1, '7304050556', NULL, 0, 0, 0, 0, 0, NULL, 0, NULL, 0),
(203, NULL, 'ANAND NAIR', NULL, NULL, NULL, 0, NULL, NULL, NULL, NULL, 42, '2020-01-10 22:30:34', 0, 9, 5, '2020-01-13 12:59:43', '2020-01-10', NULL, 0, 'nairanand574@gmail.com', NULL, 1, '7977864762', NULL, 3, 0, 0, 0, 0, NULL, 0, NULL, 0),
(204, NULL, 'DIPESH PALAV', NULL, NULL, NULL, 0, NULL, NULL, NULL, NULL, 41, '2020-01-10 22:31:11', 0, 20, 5, NULL, '2020-01-10', NULL, 0, 'palavd867@gmail.com', NULL, 1, '9987205927', NULL, 0, 0, 0, 0, 0, NULL, 0, NULL, 0),
(205, NULL, 'Ajay Rakhunde', NULL, NULL, NULL, 0, NULL, NULL, NULL, NULL, 34, '2020-01-10 23:07:01', 0, 9, 5, '2020-01-11 12:40:50', '2020-01-10', NULL, 0, 'ajayrakhunde31@gmail.com', NULL, 1, '8433565978', NULL, 1, 0, 0, 0, 0, NULL, 0, NULL, 0),
(206, NULL, 'Mohmed Arif Shaikh', NULL, NULL, NULL, 0, NULL, NULL, NULL, NULL, 35, '2020-01-11 11:44:17', 0, 14, 5, '2020-01-16 11:13:08', '2020-01-11', NULL, 0, 'arif175in@gmail.com', NULL, 1, '8552828276', NULL, 1, 0, 0, 0, 0, NULL, 0, NULL, 0),
(207, NULL, 'arslan choudhary ', NULL, NULL, NULL, 0, NULL, NULL, NULL, NULL, 38, '2020-01-11 11:53:21', 0, 12, 5, '2020-01-20 12:09:16', '2020-01-11', NULL, 0, 'arslan.choudhary@atlastravels.com', NULL, 1, '8169401737', NULL, 1, 0, 0, 0, 0, NULL, 0, NULL, 0),
(208, NULL, 'Rahul', NULL, NULL, NULL, 0, NULL, NULL, NULL, NULL, 33, '2020-01-11 12:03:59', 0, 2, 5, '2020-02-06 11:54:51', '2020-01-11', NULL, 0, 'rahulprajapati0187165@gmail', NULL, 1, '8104347714', NULL, 5, 0, 0, 0, 0, NULL, 0, NULL, 0),
(209, NULL, 'Heetanshi', NULL, NULL, NULL, 0, NULL, NULL, NULL, NULL, 40, '2020-01-11 17:14:23', 0, 11, 5, '2020-01-16 15:58:39', '2020-01-11', NULL, 0, 'heetanshij@gmail.com', NULL, 1, '9082449626', NULL, 1, 0, 0, 0, 0, NULL, 0, NULL, 0),
(210, NULL, 'saddam', NULL, NULL, NULL, 0, NULL, NULL, NULL, NULL, 36, '2020-01-11 18:13:02', 0, 8, 5, '2020-01-15 16:24:36', '2020-01-11', NULL, 0, 'salman098osj@gmail.com', NULL, 1, '7977097623', NULL, 1, 0, 0, 0, 0, NULL, 0, NULL, 0),
(211, NULL, 'Guddu ali', NULL, NULL, NULL, 0, NULL, NULL, NULL, NULL, 35, '2020-01-11 19:46:24', 0, 9, 5, '2020-01-16 11:12:31', '2020-01-11', NULL, 0, 'mmohdkabir44@gmail.com', NULL, 1, '9149007450', NULL, 1, 0, 0, 0, 0, NULL, 0, NULL, 0),
(212, NULL, 'Mallikaarjun Lingappa Savkar', NULL, NULL, NULL, 0, NULL, NULL, NULL, NULL, 34, '2020-01-11 20:38:11', 0, 14, 5, '2020-01-13 14:57:21', '2020-01-11', NULL, 0, 'arjunsavkar0101@gmali.com', NULL, 1, '8689980462', NULL, 1, 0, 0, 0, 0, NULL, 0, NULL, 0),
(213, NULL, 'sohail khan', NULL, NULL, NULL, 0, NULL, NULL, NULL, NULL, 41, '2020-01-12 02:24:14', 0, 20, 5, NULL, '2020-01-12', NULL, 0, 'sohailqadri14@gmail.com', NULL, 1, '7738930835', NULL, 0, 0, 0, 0, 0, NULL, 0, NULL, 0),
(214, NULL, 'rohit nishad', NULL, NULL, NULL, 0, NULL, NULL, NULL, NULL, 34, '2020-01-12 11:26:27', 0, 2, 5, '2020-01-14 11:53:12', '2020-01-12', NULL, 0, 'rajnishad83@gmail.com', NULL, 1, '8169176490', NULL, 2, 0, 0, 0, 0, NULL, 0, NULL, 0),
(215, NULL, 'Darshan Jadhav', NULL, NULL, NULL, 0, NULL, NULL, NULL, NULL, 41, '2020-01-12 14:01:55', 0, 20, 5, NULL, '2020-01-12', NULL, 0, 'darshan.jadhav21@gmail.com', NULL, 1, '9130309993', NULL, 0, 0, 0, 0, 0, NULL, 0, NULL, 0),
(216, NULL, 'Yukta Pratik bhoir', NULL, NULL, NULL, 0, NULL, NULL, NULL, NULL, 34, '2020-01-12 14:45:29', 0, 14, 5, '2020-01-13 15:00:19', '2020-01-12', NULL, 0, 'yuktapbhoir16@gmail.com', NULL, 1, '7099119751', NULL, 1, 0, 0, 0, 0, NULL, 0, NULL, 0),
(217, NULL, 'Sumit dhavde', NULL, NULL, NULL, 0, NULL, NULL, NULL, NULL, 38, '2020-01-12 15:27:50', 0, 2, 5, '2020-01-13 10:51:30', '2020-01-12', NULL, 0, 'sumitdhavde@gmail.com', NULL, 1, '7977967525', NULL, 1, 0, 0, 0, 0, NULL, 0, NULL, 0),
(218, NULL, 'Krusha shah', NULL, NULL, NULL, 0, NULL, NULL, NULL, NULL, 35, '2020-01-12 20:34:32', 0, 11, 5, '2020-01-16 11:11:28', '2020-01-12', NULL, 0, 'krusha.shah30@gmail.com', NULL, 1, '9967056030', NULL, 1, 0, 0, 0, 0, NULL, 0, NULL, 0),
(219, NULL, 'Sumit mishra', NULL, NULL, NULL, 0, NULL, NULL, NULL, NULL, 41, '2020-01-12 23:38:38', 0, 20, 5, NULL, '2020-01-12', NULL, 0, 'Sumitmishra9769@gmail.com', NULL, 1, '9082642489', NULL, 0, 0, 0, 0, 0, NULL, 0, NULL, 0),
(220, NULL, 'swati ', NULL, NULL, NULL, 0, NULL, NULL, NULL, NULL, 34, '2020-01-13 00:18:52', 0, 9, 5, '2020-01-14 12:44:18', '2020-01-13', NULL, 0, 'dhenglesavita@yahoo.com', NULL, 1, '9664378797', NULL, 2, 0, 0, 0, 0, NULL, 0, NULL, 0),
(221, NULL, 'Omprakash', NULL, NULL, NULL, 0, NULL, NULL, NULL, NULL, 35, '2020-01-12 23:46:17', 0, 9, 2, '2020-01-27 12:18:25', '2020-01-12', NULL, 0, 'om224465@gmail.com', NULL, 1, '9610733087', NULL, 3, 0, 0, 0, 0, NULL, 0, NULL, 0),
(222, NULL, 'Harish Rai', NULL, NULL, NULL, 0, NULL, NULL, NULL, NULL, 35, '2020-01-12 23:46:42', 0, 9, 2, '2020-01-16 11:06:05', '2020-01-12', NULL, 0, 'harishrai1805@gmail.com', NULL, 1, '9004379304', NULL, 1, 0, 0, 0, 0, NULL, 0, NULL, 0),
(223, NULL, 'psy_boi_sachin', NULL, NULL, NULL, 0, NULL, NULL, NULL, NULL, 35, '2020-01-12 23:47:05', 0, 14, 2, '2020-01-16 11:05:02', '2020-01-12', NULL, 0, 'loverboy.raj6@gmail.com', NULL, 1, '9158211490', NULL, 1, 0, 0, 0, 0, NULL, 0, NULL, 0),
(224, NULL, 'imranmd', NULL, NULL, NULL, 0, NULL, NULL, NULL, NULL, 39, '2020-01-12 23:47:33', 0, 11, 2, '2020-01-20 12:15:28', '2020-01-12', NULL, 0, 'imranmd9762@gmail.com', NULL, 1, '9762116804', NULL, 1, 0, 0, 0, 0, NULL, 0, NULL, 0),
(225, NULL, 'Adarsh Tiwari', NULL, NULL, NULL, 0, NULL, NULL, NULL, NULL, 39, '2020-01-12 23:47:55', 0, 12, 2, '2020-01-20 12:15:58', '2020-01-12', NULL, 0, 'adarshtiwariramapur@gmail.com', NULL, 1, '9118847348', NULL, 1, 0, 0, 0, 0, NULL, 0, NULL, 0),
(226, NULL, 'Virat kumar', NULL, NULL, NULL, 0, NULL, NULL, NULL, NULL, 41, '2020-01-12 23:48:16', 0, 20, 2, NULL, '2020-01-12', NULL, 0, 'rahulrkjha7464@gmail.com', NULL, 1, '7464044402', NULL, 0, 0, 0, 0, 0, NULL, 0, NULL, 0),
(227, NULL, 'abusaif', NULL, NULL, NULL, 0, NULL, NULL, NULL, NULL, 40, '2020-01-12 23:48:40', 0, 9, 2, '2020-02-03 16:04:17', '2020-01-12', NULL, 0, 'abusaifshaikh417@gmail.com', NULL, 1, '8291618884', NULL, 3, 0, 0, 0, 0, NULL, 0, NULL, 0),
(228, NULL, 'Devesh', NULL, NULL, NULL, 0, NULL, NULL, NULL, NULL, 40, '2020-01-12 23:49:16', 0, 12, 2, '2020-01-22 11:59:11', '2020-01-12', NULL, 0, 'Mirpurdeveshmaurya@gmail.com', NULL, 1, '9026287047', NULL, 2, 0, 0, 0, 0, NULL, 0, NULL, 0),
(229, NULL, 'ｯรคмคd', NULL, NULL, NULL, 0, NULL, NULL, NULL, NULL, 33, '2020-01-12 23:49:45', 0, 2, 2, '2020-02-05 17:33:47', '2020-01-12', NULL, 0, 'samadshsikh98@gmail.com', NULL, 1, '8779239856', NULL, 2, 0, 0, 0, 0, NULL, 0, NULL, 0),
(230, NULL, 'mahesh Malviya', NULL, NULL, NULL, 0, NULL, NULL, NULL, NULL, 38, '2020-01-12 23:50:09', 0, 10, 2, '2020-01-13 13:01:08', '2020-01-12', NULL, 0, 'maheshlohar741@gmail.com', NULL, 1, '6377838812', NULL, 2, 0, 0, 0, 0, NULL, 0, NULL, 0),
(231, NULL, 'Ranjeet  Yadav', NULL, NULL, NULL, 0, NULL, NULL, NULL, NULL, 38, '2020-01-12 23:50:27', 0, 9, 2, '2020-01-13 12:56:14', '2020-01-12', NULL, 0, 'Ranjeetyadavrans@gmail.com', NULL, 1, '8454818703', NULL, 2, 0, 0, 0, 0, NULL, 0, NULL, 0),
(232, NULL, 'neet chauhan', NULL, NULL, NULL, 0, NULL, NULL, NULL, NULL, 34, '2020-01-12 23:50:56', 0, 12, 2, '2020-01-14 13:06:54', '2020-01-12', NULL, 0, 'nitinchauhan1111@gmail.com', NULL, 1, '9769619143', NULL, 2, 0, 0, 0, 0, NULL, 0, NULL, 0),
(233, NULL, 'MALLIKAARJUN LINGAPPA SAVKAR', NULL, NULL, NULL, 0, NULL, NULL, NULL, NULL, 34, '2020-01-12 23:51:15', 0, 14, 2, '2020-01-13 15:25:22', '2020-01-12', NULL, 0, 'arjunsavkar0101@gmail.com', NULL, 1, '8689980462', NULL, 1, 0, 0, 0, 0, NULL, 0, NULL, 0),
(234, NULL, 'Abhishek Kumar', NULL, NULL, NULL, 0, NULL, NULL, NULL, NULL, 34, '2020-01-12 23:51:35', 0, 12, 2, '2020-01-14 12:58:27', '2020-01-12', NULL, 0, 'abhishek863214@gmail.com', NULL, 1, '6387993290', NULL, 2, 0, 0, 0, 0, NULL, 0, NULL, 0),
(235, NULL, 'Ajay Rakhunde', NULL, NULL, NULL, 0, NULL, NULL, NULL, NULL, 34, '2020-01-12 23:51:57', 0, 11, 2, '2020-01-14 12:53:38', '2020-01-12', NULL, 0, 'rakhundeajay3@gmail.com', NULL, 1, '8433565978', NULL, 2, 0, 0, 0, 0, NULL, 0, NULL, 0),
(236, NULL, 'SIDDHESH SP', NULL, NULL, NULL, 0, NULL, NULL, NULL, NULL, 34, '2020-01-12 23:52:19', 0, 9, 2, '2020-01-14 12:49:41', '2020-01-12', NULL, 0, 'siddheshpawar334@gmail.com', NULL, 1, '7977214818', NULL, 2, 0, 0, 0, 0, NULL, 0, NULL, 0),
(237, NULL, 'P R A S H A N T', NULL, NULL, NULL, 0, NULL, NULL, NULL, NULL, 36, '2020-01-12 23:52:52', 0, 2, 2, '2020-01-22 11:32:35', '2020-01-12', NULL, 0, 'pmore4266@gmail.com', NULL, 1, '8108091390', NULL, 1, 0, 0, 0, 0, NULL, 0, NULL, 0),
(238, NULL, 'satendra singh', NULL, NULL, NULL, 0, NULL, NULL, NULL, NULL, 36, '2020-01-12 23:53:38', 0, 14, 2, '2020-01-22 11:32:03', '2020-01-12', NULL, 0, 'negihimanshu758@gmail.com', NULL, 1, '9568158329', NULL, 2, 0, 0, 0, 0, NULL, 0, NULL, 0),
(239, NULL, 'Gunjan', NULL, NULL, NULL, 0, NULL, NULL, NULL, NULL, 39, '2020-01-13 11:27:49', 0, 9, 5, '2020-01-20 12:16:29', '2020-01-13', NULL, 0, 'gunjanbawiskar001@gmail.com', NULL, 1, '8805844412', NULL, 1, 0, 0, 0, 0, NULL, 0, NULL, 0),
(240, NULL, 'Prathamesh Sathe', NULL, NULL, NULL, 0, NULL, NULL, NULL, NULL, 34, '2020-01-13 11:37:16', 0, 14, 5, '2020-01-13 15:42:02', '2020-01-13', NULL, 0, 'psathe194@gmail.com', NULL, 1, '7738002597', NULL, 1, 0, 0, 0, 0, NULL, 0, NULL, 0),
(241, NULL, 'Anand', NULL, NULL, NULL, 0, NULL, NULL, NULL, NULL, 35, '2020-01-13 12:16:23', 0, 12, 5, '2020-01-17 12:28:43', '2020-01-13', NULL, 0, 'ag075261@gmail.com', NULL, 1, '7081748041', NULL, 2, 0, 0, 0, 0, NULL, 0, NULL, 0),
(242, NULL, 'Chauhan Adnan', NULL, NULL, NULL, 0, NULL, NULL, NULL, NULL, 34, '2020-01-13 13:16:37', 0, 11, 5, '2020-01-13 14:55:03', '2020-01-13', NULL, 0, 'chauhanfateh5013@gmail.com', NULL, 1, '9004548112', NULL, 1, 0, 0, 0, 0, NULL, 0, NULL, 0),
(243, NULL, 'Ayaan', NULL, NULL, NULL, 0, NULL, NULL, NULL, NULL, 41, '2020-01-13 20:57:37', 0, 20, 5, NULL, '2020-01-13', NULL, 0, 'ayaan82156@gmail.com', NULL, 1, '9321234368', NULL, 0, 0, 0, 0, 0, NULL, 0, NULL, 0),
(244, NULL, 'Tanush Sachde', NULL, NULL, NULL, 0, NULL, NULL, NULL, NULL, 34, '2020-01-14 10:38:23', 0, 11, 5, '2020-01-14 12:33:07', '2020-01-14', NULL, 0, 'tanush.sachde@gmail.com', NULL, 1, '9867391928', NULL, 1, 0, 0, 0, 0, NULL, 0, NULL, 0),
(245, NULL, 'Massu', NULL, NULL, NULL, 0, NULL, NULL, NULL, NULL, 38, '2020-01-14 00:15:13', 0, 14, 2, '2020-01-14 10:55:16', '2020-01-14', NULL, 0, 'mssmassu5104@gmail.com', NULL, 1, '8009341164', NULL, 1, 0, 0, 0, 0, NULL, 0, NULL, 0),
(246, NULL, 'BuzZ Gaming', NULL, NULL, NULL, 0, NULL, NULL, NULL, NULL, 38, '2020-01-14 00:15:34', 0, 14, 2, '2020-01-14 10:55:53', '2020-01-14', NULL, 0, 'gauravchotia02@gmail.com', NULL, 1, '7666795988', NULL, 1, 0, 0, 0, 0, NULL, 0, NULL, 0),
(247, NULL, 'yogesh_shinde_2115', NULL, NULL, NULL, 0, NULL, NULL, NULL, NULL, 42, '2020-01-14 00:19:31', 0, 11, 5, '2020-01-15 11:33:54', '2020-01-14', NULL, 0, 'yogeshshinde6677@gmail.com', NULL, 1, '8268121375', NULL, 1, 0, 0, 0, 0, NULL, 0, NULL, 0),
(248, NULL, 'Dipesh Shinde', NULL, NULL, NULL, 0, NULL, NULL, NULL, NULL, 34, '2020-01-14 00:19:51', 0, 11, 2, '2020-01-14 12:39:21', '2020-01-14', NULL, 0, 'shindedipesh955@gmail.com', NULL, 1, '8108166028', NULL, 1, 0, 0, 0, 0, NULL, 0, NULL, 0),
(249, NULL, 'Saud khan', NULL, NULL, NULL, 0, NULL, NULL, NULL, NULL, 39, '2020-01-14 00:20:13', 0, 11, 2, '2020-01-20 12:49:07', '2020-01-14', NULL, 0, 'salmaansark7861@gmail.com', NULL, 1, '8097214594', NULL, 1, 0, 0, 0, 0, NULL, 0, NULL, 0),
(250, NULL, 'JAGVAR BHAI', NULL, NULL, NULL, 0, NULL, NULL, NULL, NULL, 41, '2020-01-14 13:27:22', 0, 20, 5, NULL, '2020-01-14', NULL, 0, 'jagvarbhai1@gmail.com', NULL, 1, '7900198200', NULL, 0, 0, 0, 0, 0, NULL, 0, NULL, 0),
(251, NULL, 'Monica Mendon', NULL, NULL, NULL, 0, NULL, NULL, NULL, NULL, 35, '2020-01-14 16:22:01', 0, 11, 5, '2020-01-16 10:24:58', '2020-01-14', NULL, 0, 'monicamendon@gmail.com', NULL, 1, '9820240310', NULL, 1, 0, 0, 0, 0, NULL, 0, NULL, 0),
(252, NULL, 'Keval kamble', NULL, NULL, NULL, 0, NULL, NULL, NULL, NULL, 33, '2020-01-14 19:37:22', 0, 2, 5, '2020-02-06 11:57:48', '2020-01-14', NULL, 0, 'kevalkamble43@gmail.com', NULL, 1, '8928734152', NULL, 2, 0, 0, 0, 0, NULL, 0, NULL, 0),
(253, NULL, 'Yash Prajapati', NULL, NULL, NULL, 0, NULL, NULL, NULL, NULL, 34, '2020-01-14 20:45:44', 0, 14, 5, '2020-01-15 15:06:04', '2020-01-14', NULL, 0, 'pyash2129@gmail.com', NULL, 1, '7304813678', NULL, 2, 0, 0, 0, 0, NULL, 0, NULL, 0),
(254, NULL, 'Aifaz', NULL, NULL, NULL, 0, NULL, NULL, NULL, NULL, 40, '2020-01-14 22:34:41', 0, 11, 5, '2020-01-16 16:00:10', '2020-01-14', NULL, 0, 'Aifazshaikh2018@gmail.com', NULL, 1, '9699619855', NULL, 1, 0, 0, 0, 0, NULL, 0, NULL, 0),
(255, NULL, 'Sandesh ', NULL, NULL, NULL, 0, NULL, NULL, NULL, NULL, 35, '2020-01-15 08:57:16', 0, 11, 5, '2020-01-17 12:12:48', '2020-01-15', NULL, 0, 'sandesh.1221@gmail.com', NULL, 1, '7972801533', NULL, 3, 0, 0, 0, 0, NULL, 0, NULL, 0),
(256, NULL, 'Shanky vaidya', NULL, NULL, NULL, 0, NULL, NULL, NULL, NULL, 38, '2020-01-15 01:45:27', 0, 2, 2, '2020-01-18 11:53:05', '2020-01-15', NULL, 0, 'shankarvaidya12@gmail.com', NULL, 1, '9975075351', NULL, 1, 0, 0, 0, 0, NULL, 0, NULL, 0),
(257, NULL, 'Ram bhej', NULL, NULL, NULL, 0, NULL, NULL, NULL, NULL, 39, '2020-01-15 01:45:55', 0, 12, 2, '2020-01-17 15:45:16', '2020-01-15', NULL, 0, 'rambhejchaudhary@89044gmail.com', NULL, 1, '9129122011', NULL, 1, 0, 0, 0, 0, NULL, 0, NULL, 0),
(258, NULL, 'Alfan Pathan', NULL, NULL, NULL, 0, NULL, NULL, NULL, NULL, 36, '2020-01-15 01:46:17', 0, 14, 2, '2020-01-22 11:31:41', '2020-01-15', NULL, 0, 'alfan.pathan26@gmail.com', NULL, 1, '8928431252', NULL, 2, 0, 0, 0, 0, NULL, 0, NULL, 0),
(259, NULL, 'Taha suwasra wala', NULL, NULL, NULL, 0, NULL, NULL, NULL, NULL, 35, '2020-01-15 12:27:33', 0, 14, 5, '2020-01-30 10:32:19', '2020-01-15', NULL, 0, 'suwasrawala.t@gmail.com', NULL, 1, '7869068249', NULL, 3, 0, 0, 0, 0, NULL, 0, NULL, 0),
(260, NULL, 'Husain Harneswala ', NULL, NULL, NULL, 0, NULL, NULL, NULL, NULL, 40, '2020-01-15 14:18:39', 0, 9, 5, '2020-01-24 13:40:20', '2020-01-15', NULL, 0, 'harneswalah@gmail.com', NULL, 1, '8928062924', NULL, 2, 0, 0, 0, 0, NULL, 0, NULL, 0),
(261, NULL, 'Nikhil Mali', NULL, NULL, NULL, 0, NULL, NULL, NULL, NULL, 37, '2020-01-15 23:33:25', 0, 10, 2, '2020-01-20 16:08:51', '2020-01-15', NULL, 0, 'nmali1906@gmail.com', NULL, 1, '8108326967', NULL, 1, 0, 0, 0, 0, NULL, 0, NULL, 0),
(262, NULL, 'RISHABH SHARMA', NULL, NULL, NULL, 0, NULL, NULL, NULL, NULL, 42, '2020-01-15 23:33:53', 0, 20, 2, NULL, '2020-01-15', NULL, 0, 'rishabhsharma9869451590@gmail.com', NULL, 1, '9869319664', NULL, 0, 0, 0, 0, 0, NULL, 0, NULL, 0),
(263, NULL, 'Shabaaz pThaan', NULL, NULL, NULL, 0, NULL, NULL, NULL, NULL, 39, '2020-01-15 23:34:23', 0, 9, 2, '2020-01-20 13:55:34', '2020-01-15', NULL, 0, 'zk8876483@gmail.com', NULL, 1, '8920973522', NULL, 1, 0, 0, 0, 0, NULL, 0, NULL, 0),
(264, NULL, 'Ramji Ramji', NULL, NULL, NULL, 0, NULL, NULL, NULL, NULL, 42, '2020-01-16 23:28:48', 0, 20, 5, NULL, '2020-01-16', NULL, 0, 'rr0411225@gmail.com', NULL, 1, '9919337467', NULL, 0, 0, 0, 0, 0, NULL, 0, NULL, 0),
(265, NULL, 'Sourav Baksi', NULL, NULL, NULL, 0, NULL, NULL, NULL, NULL, 37, '2020-01-16 23:54:36', 0, 2, 2, '2020-01-20 16:08:22', '2020-01-16', NULL, 0, 'baksi2018sourav@gmail.com', NULL, 1, '7797315941', NULL, 1, 0, 0, 0, 0, NULL, 0, NULL, 0),
(266, NULL, 'Sampat Azamagarh', NULL, NULL, NULL, 0, NULL, NULL, NULL, NULL, 39, '2020-01-16 23:55:12', 0, 14, 2, '2020-01-20 13:57:53', '2020-01-16', NULL, 0, 'sampatazamgarh@gmail.com', NULL, 1, '9721231755', NULL, 1, 0, 0, 0, 0, NULL, 0, NULL, 0),
(267, NULL, 'Kundan Prajapati', NULL, NULL, NULL, 0, NULL, NULL, NULL, NULL, 39, '2020-01-16 23:56:01', 0, 20, 2, NULL, '2020-01-16', NULL, 0, 'kpramodprajapati2625@gmail.com', NULL, 1, '6392970090', NULL, 0, 0, 0, 0, 0, NULL, 0, NULL, 0),
(268, NULL, 'Suraj Yadav', NULL, NULL, NULL, 0, NULL, NULL, NULL, NULL, 39, '2020-01-16 23:56:23', 0, 9, 2, '2020-01-20 12:19:51', '2020-01-16', NULL, 0, 'surajayadava08@gmail.com', NULL, 1, '9005062415', NULL, 1, 0, 0, 0, 0, NULL, 0, NULL, 0),
(269, NULL, 'Ravi Prajapati', NULL, NULL, NULL, 0, NULL, NULL, NULL, NULL, 39, '2020-01-16 23:56:40', 0, 20, 2, NULL, '2020-01-16', NULL, 0, 'raviprajapati9839@gmail.com', NULL, 1, '9503823452', NULL, 0, 0, 0, 0, 0, NULL, 0, NULL, 0),
(270, NULL, 'Vijay Gupta', NULL, NULL, NULL, 0, NULL, NULL, NULL, NULL, 39, '2020-01-16 23:56:58', 0, 9, 2, '2020-01-20 12:19:37', '2020-01-16', NULL, 0, 'vijay200594@gmail.com', NULL, 1, '9532745090', NULL, 1, 0, 0, 0, 0, NULL, 0, NULL, 0),
(271, NULL, 'Narendra Rawat', NULL, NULL, NULL, 0, NULL, NULL, NULL, NULL, 39, '2020-01-16 23:57:17', 0, 14, 2, '2020-01-20 12:21:02', '2020-01-16', NULL, 0, 'narendras543@gmail.com', NULL, 1, '8355865483', NULL, 1, 0, 0, 0, 0, NULL, 0, NULL, 0),
(272, NULL, 'Vidhi Sangoi', NULL, NULL, NULL, 0, NULL, NULL, NULL, NULL, 38, '2020-01-17 21:02:04', 0, 11, 5, '2020-01-18 11:52:40', '2020-01-17', NULL, 0, 'vidhipsangoi97@gmail.com', NULL, 1, '9892421090', NULL, 1, 0, 0, 0, 0, NULL, 0, NULL, 0),
(273, NULL, 'Afroz Ahmed Chaudhary', NULL, NULL, NULL, 0, NULL, NULL, NULL, NULL, 39, '2020-01-18 14:45:30', 0, 11, 5, '2020-01-20 12:21:12', '2020-01-18', NULL, 0, 'Afroz1986@gmail.com', NULL, 1, '9833541606', NULL, 1, 0, 0, 0, 0, NULL, 0, NULL, 0),
(274, NULL, 'AMBIKA DANANE', NULL, NULL, NULL, 0, NULL, NULL, NULL, NULL, 38, '2020-01-18 18:11:45', 0, 11, 5, '2020-01-21 12:17:27', '2020-01-18', NULL, 0, 'AMBIKADANANE1991@GMAIL.COM', NULL, 1, '9768898026', NULL, 1, 0, 0, 0, 0, NULL, 0, NULL, 0),
(275, NULL, 'Niraj singh', NULL, NULL, NULL, 0, NULL, NULL, NULL, NULL, 33, '2020-01-19 20:39:44', 0, 9, 5, '2020-01-23 18:24:44', '2020-01-19', NULL, 0, 'neerajsingh90042422@gmail.com', NULL, 1, '9892791867', NULL, 2, 0, 0, 0, 0, NULL, 0, NULL, 0),
(276, NULL, 'Rutuja Pendurkar', NULL, NULL, NULL, 0, NULL, NULL, NULL, NULL, 40, '2020-01-20 10:39:54', 0, 11, 5, '2020-01-24 13:36:21', '2020-01-20', NULL, 0, 'rutujapendurkar@hotmail.com', NULL, 1, '9167936828', NULL, 2, 0, 0, 0, 0, NULL, 0, NULL, 0),
(277, NULL, 'Shubham Giri', NULL, NULL, NULL, 0, NULL, NULL, NULL, NULL, 37, '2020-01-20 00:20:47', 0, 9, 2, '2020-01-20 15:43:36', '2020-01-20', NULL, 0, 'giri87596@gmail.com', NULL, 1, '9082903982', NULL, 1, 0, 0, 0, 0, NULL, 0, NULL, 0),
(278, NULL, 'Sajid Sayyed', NULL, NULL, NULL, 0, NULL, NULL, NULL, NULL, 37, '2020-01-20 00:21:04', 0, 2, 2, '2020-01-20 16:07:41', '2020-01-20', NULL, 0, 'sajidsayyed75@gmail.com', NULL, 1, '8600367394', NULL, 1, 0, 0, 0, 0, NULL, 0, NULL, 0),
(279, NULL, 'Jagdish vaishnav', NULL, NULL, NULL, 0, NULL, NULL, NULL, NULL, 42, '2020-01-20 00:21:26', 0, 20, 2, NULL, '2020-01-20', NULL, 0, 'vaishanvjagdish27@gmail.com', NULL, 1, '8329705040', NULL, 0, 0, 0, 0, 0, NULL, 0, NULL, 0),
(280, NULL, 'Neeraj Singh', NULL, NULL, NULL, 0, NULL, NULL, NULL, NULL, 39, '2020-01-20 00:22:05', 0, 20, 2, NULL, '2020-01-20', NULL, 0, 'neerajsingh90042432@gmail.com', NULL, 1, '9892791867', NULL, 0, 0, 0, 0, 0, NULL, 0, NULL, 0),
(281, NULL, 'Nanku Ram', NULL, NULL, NULL, 0, NULL, NULL, NULL, NULL, 39, '2020-01-20 00:22:31', 0, 9, 2, '2020-01-20 13:58:29', '2020-01-20', NULL, 0, 'naakuram123@gimal.com', NULL, 1, '8174949015', NULL, 1, 0, 0, 0, 0, NULL, 0, NULL, 0),
(282, NULL, 'Rajukumar Rajukumarchawhan', NULL, NULL, NULL, 0, NULL, NULL, NULL, NULL, 39, '2020-01-20 00:22:57', 0, 12, 2, '2020-01-20 13:55:08', '2020-01-20', NULL, 0, 'chawhanrajukumar@gmail.com', NULL, 1, '8830303281', NULL, 1, 0, 0, 0, 0, NULL, 0, NULL, 0),
(283, NULL, 'Divyamohan Singh', NULL, NULL, NULL, 0, NULL, NULL, NULL, NULL, 39, '2020-01-20 00:23:23', 0, 12, 2, '2020-01-20 12:19:25', '2020-01-20', NULL, 0, 'divymohan112@gmail.com', NULL, 1, '7054793885', NULL, 1, 0, 0, 0, 0, NULL, 0, NULL, 0),
(284, NULL, 'Dhirender Maurya', NULL, NULL, NULL, 0, NULL, NULL, NULL, NULL, 39, '2020-01-20 00:23:46', 0, 20, 2, NULL, '2020-01-20', NULL, 0, 'dhirendram728@gmail.com', NULL, 1, '7388093651', NULL, 0, 0, 0, 0, 0, NULL, 0, NULL, 0),
(285, NULL, 'Savio Dias ', NULL, NULL, NULL, 0, NULL, NULL, NULL, NULL, 39, '2020-01-20 14:55:22', 0, 20, 5, NULL, '2020-01-20', NULL, 0, 'Savio.Ignatius@sitel.com', NULL, 1, '9594333351', NULL, 0, 0, 0, 0, 0, NULL, 0, NULL, 0),
(286, NULL, 'Priyanka', NULL, NULL, NULL, 0, NULL, NULL, NULL, NULL, 42, '2020-01-20 17:09:15', 0, 20, 5, NULL, '2020-01-20', NULL, 0, 'priyankarbhoite58@gmail.com', NULL, 1, '8422060144', NULL, 0, 0, 0, 0, 0, NULL, 0, NULL, 0),
(287, NULL, 'Karan vilas shirsat', NULL, NULL, NULL, 0, NULL, NULL, NULL, NULL, 39, '2020-01-20 23:54:21', 0, 9, 2, '2020-01-21 15:52:39', '2020-01-20', NULL, 0, 'karanshirsat4@gmail.com', NULL, 1, '8779338576', NULL, 1, 0, 0, 0, 0, NULL, 0, NULL, 0),
(288, NULL, 'geeta Manchadi', NULL, NULL, NULL, 0, NULL, NULL, NULL, NULL, 39, '2020-01-20 23:54:41', 0, 20, 2, NULL, '2020-01-20', NULL, 0, 'aashiramanchadi4593@gmail.com', NULL, 1, '7045624711', NULL, 0, 0, 0, 0, 0, NULL, 0, NULL, 0),
(289, NULL, 'Priyanka', NULL, NULL, NULL, 0, NULL, NULL, NULL, NULL, 42, '2020-01-20 23:55:18', 0, 20, 2, NULL, '2020-01-20', NULL, 0, 'priyankarbhoite@gmail.com', NULL, 1, '8422060144', NULL, 0, 0, 0, 0, 0, NULL, 0, NULL, 0),
(290, NULL, 'Alim Sk', NULL, NULL, NULL, 0, NULL, NULL, NULL, NULL, 37, '2020-01-20 23:55:45', 0, 9, 2, '2020-01-22 14:52:33', '2020-01-20', NULL, 0, 'as1341735@gmail.com', NULL, 1, '9563363829', NULL, 1, 0, 0, 0, 0, NULL, 0, NULL, 0),
(291, NULL, 'Yogesh sutar', NULL, NULL, NULL, 0, NULL, NULL, NULL, NULL, 39, '2020-01-21 12:52:32', 0, 11, 5, '2020-01-21 15:52:29', '2020-01-21', NULL, 0, 'Yogesh.sutar456@gmail.com', NULL, 1, '9029289912', NULL, 1, 0, 0, 0, 0, NULL, 0, NULL, 0),
(292, NULL, 'GANESH TORSALE', NULL, NULL, NULL, 0, NULL, NULL, NULL, NULL, 38, '2020-01-21 13:45:27', 0, 9, 5, '2020-01-28 16:49:14', '2020-01-21', NULL, 0, 'GTORSALE@GMAIL.COM', NULL, 1, '9137964371', NULL, 2, 0, 0, 0, 0, NULL, 0, NULL, 0),
(293, NULL, 'Siddhesh ', NULL, NULL, NULL, 0, NULL, NULL, NULL, NULL, 38, '2020-01-21 17:04:59', 0, 9, 5, '2020-01-28 17:17:35', '2020-01-21', NULL, 0, 'Siddheshsharma4001@gmail.com', NULL, 1, '8104338419', NULL, 2, 0, 0, 0, 0, NULL, 0, NULL, 0),
(294, NULL, 'Ritesh', NULL, NULL, NULL, 0, NULL, NULL, NULL, NULL, 36, '2020-01-21 21:32:00', 0, 2, 5, '2020-01-24 12:19:02', '2020-01-21', NULL, 0, 'baweja.ritesh@gmail.com', NULL, 1, '9413187010', NULL, 3, 0, 0, 0, 0, NULL, 0, NULL, 0),
(295, NULL, 'Shicvam', NULL, NULL, NULL, 0, NULL, NULL, NULL, NULL, 33, '2020-01-21 23:04:34', 0, 14, 5, '2020-02-06 11:59:44', '2020-01-21', NULL, 0, 'shivamjp492@gmail.com', NULL, 1, '7317312410', NULL, 2, 0, 0, 0, 0, NULL, 0, NULL, 0),
(296, NULL, 'suraj gupta', NULL, NULL, NULL, 0, NULL, NULL, NULL, NULL, 37, '2020-01-21 23:21:03', 0, 9, 2, '2020-01-22 17:40:11', '2020-01-21', NULL, 0, 'surajgupta099876@gmail.com', NULL, 1, '8806043265', NULL, 1, 0, 0, 0, 0, NULL, 0, NULL, 0),
(297, NULL, 'Surya Chodhary', NULL, NULL, NULL, 0, NULL, NULL, NULL, NULL, 37, '2020-01-21 23:21:24', 0, 9, 2, '2020-01-23 17:00:06', '2020-01-21', NULL, 0, 'surajchaudhary@gmail.com', NULL, 1, '7304076239', NULL, 2, 0, 0, 0, 0, NULL, 0, NULL, 0),
(298, NULL, 'Aftab Shaikh', NULL, NULL, NULL, 0, NULL, NULL, NULL, NULL, 37, '2020-01-21 23:21:51', 0, 9, 2, '2020-01-22 17:41:29', '2020-01-21', NULL, 0, 'as4030136@gmail.com', NULL, 1, '8828614819', NULL, 1, 0, 0, 0, 0, NULL, 0, NULL, 0),
(299, NULL, 'Rushikesh Bhosle', NULL, NULL, NULL, 0, NULL, NULL, NULL, NULL, 42, '2020-01-21 23:22:15', 0, 9, 2, '2020-01-22 12:47:55', '2020-01-21', NULL, 0, 'rushikeshbhosle13900@gmail.com', NULL, 1, '9137805953', NULL, 1, 0, 0, 0, 0, NULL, 0, NULL, 0);
INSERT INTO `tblleads` (`id`, `hash`, `name`, `title`, `company`, `description`, `country`, `zip`, `city`, `state`, `address`, `assigned`, `dateadded`, `from_form_id`, `status`, `source`, `lastcontact`, `dateassigned`, `last_status_change`, `addedfrom`, `email`, `website`, `leadorder`, `phonenumber`, `date_converted`, `followup`, `lost`, `junk`, `last_lead_status`, `is_imported_from_email_integration`, `email_integration_uid`, `is_public`, `default_language`, `client_id`) VALUES
(300, NULL, 'Samim Akhtar', NULL, NULL, NULL, 0, NULL, NULL, NULL, NULL, 39, '2020-01-21 23:22:40', 0, 12, 2, '2020-01-22 12:11:51', '2020-01-21', NULL, 0, 'Sa968239@gmail.com', NULL, 1, '7602400952', NULL, 1, 0, 0, 0, 0, NULL, 0, NULL, 0),
(301, NULL, 'Armaan Jhaan', NULL, NULL, NULL, 0, NULL, NULL, NULL, NULL, 39, '2020-01-21 23:22:55', 0, 9, 2, '2020-01-22 12:22:06', '2020-01-21', NULL, 0, 'abdul3495manik@gmail.com', NULL, 1, '9632272914', NULL, 1, 0, 0, 0, 0, NULL, 0, NULL, 0),
(302, NULL, 'Mandy Pujare', NULL, NULL, NULL, 0, NULL, NULL, NULL, NULL, 39, '2020-01-21 23:23:10', 0, 11, 2, '2020-01-22 11:03:30', '2020-01-21', NULL, 0, 'mandyapujare@gmail.com', NULL, 1, '9309768697', NULL, 1, 0, 0, 0, 0, NULL, 0, NULL, 0),
(303, NULL, 'Rahul Saini', NULL, NULL, NULL, 0, NULL, NULL, NULL, NULL, 39, '2020-01-21 23:23:22', 0, 9, 2, '2020-01-22 11:02:28', '2020-01-21', NULL, 0, 'rahulsaini70746@gmail.com', NULL, 1, '8888592406', NULL, 1, 0, 0, 0, 0, NULL, 0, NULL, 0),
(304, NULL, 'Abhishek', NULL, NULL, NULL, 0, NULL, NULL, NULL, NULL, 37, '2020-01-22 12:43:54', 0, 2, 5, '2020-01-22 17:41:38', '2020-01-22', NULL, 0, '9702135810k@gmail.com', NULL, 1, '8433538274', NULL, 1, 0, 0, 0, 0, NULL, 0, NULL, 0),
(305, NULL, 'kosha kerawala', NULL, NULL, NULL, 0, NULL, NULL, NULL, NULL, 38, '2020-01-22 15:59:21', 0, 12, 5, '2020-01-22 16:13:06', '2020-01-22', NULL, 0, 'kosha.kerawala@thewift.com', NULL, 1, '7021342338', NULL, 1, 0, 0, 0, 0, NULL, 0, NULL, 0),
(306, NULL, 'Ronak jain', NULL, NULL, NULL, 0, NULL, NULL, NULL, NULL, 40, '2020-01-22 20:43:00', 0, 12, 5, '2020-01-24 13:35:59', '2020-01-22', NULL, 0, 'ronakrjain000@gmail.com', NULL, 1, '8369526893', NULL, 1, 0, 0, 0, 0, NULL, 0, NULL, 0),
(307, NULL, 'Suraj Bhopi', NULL, NULL, NULL, 0, NULL, NULL, NULL, NULL, 33, '2020-01-22 21:31:30', 0, 14, 5, '2020-01-23 18:20:18', '2020-01-22', NULL, 0, 'surajbhopi786@gmail.com', NULL, 1, '8850339287', NULL, 1, 0, 0, 0, 0, NULL, 0, NULL, 0),
(308, NULL, 'Rohit Sarkar', NULL, NULL, NULL, 0, NULL, NULL, NULL, NULL, 38, '2020-01-22 22:21:40', 0, 14, 5, '2020-01-23 14:00:52', '2020-01-22', NULL, 0, 'rohitsarkar608@gmail.com', NULL, 1, '9372545033', NULL, 1, 0, 0, 0, 0, NULL, 0, NULL, 0),
(309, NULL, 'Nitesh prajapati', NULL, NULL, NULL, 0, NULL, NULL, NULL, NULL, 42, '2020-01-22 23:37:50', 0, 10, 2, '2020-01-27 15:35:08', '2020-01-22', NULL, 0, 'niteshsubhashprajapati@gmail.com', NULL, 1, '8104429985', NULL, 1, 0, 0, 0, 0, NULL, 0, NULL, 0),
(310, NULL, 'Simol', NULL, NULL, NULL, 0, NULL, NULL, NULL, NULL, 40, '2020-01-23 19:24:47', 0, 18, 5, '2020-02-03 15:52:45', '2020-01-23', NULL, 0, 'simolyelve66@gmail.com', NULL, 1, '9987270554', NULL, 2, 0, 0, 0, 0, NULL, 0, NULL, 0),
(311, NULL, 'Gopal Mahanta Malgunde', NULL, NULL, NULL, 0, NULL, NULL, NULL, NULL, 33, '2020-01-24 00:22:02', 0, 9, 5, '2020-02-01 18:12:09', '2020-01-24', NULL, 0, 'vishalmalgunde99@gmail.com', NULL, 1, '8379803646', NULL, 1, 0, 0, 0, 0, NULL, 0, NULL, 0),
(312, NULL, 'Sumit Jaat', NULL, NULL, NULL, 0, NULL, NULL, NULL, NULL, 37, '2020-01-24 00:16:33', 0, 2, 2, '2020-01-27 12:51:08', '2020-01-24', NULL, 0, 'st1455574@gma.com', NULL, 1, '9568282684', NULL, 1, 0, 0, 0, 0, NULL, 0, NULL, 0),
(313, NULL, 'Vikas Saroj', NULL, NULL, NULL, 0, NULL, NULL, NULL, NULL, 37, '2020-01-24 00:16:54', 0, 2, 2, '2020-01-27 13:00:03', '2020-01-24', NULL, 0, 'vikas835591@gmail.com', NULL, 1, '8355917568', NULL, 1, 0, 0, 0, 0, NULL, 0, NULL, 0),
(314, NULL, 'hrutikkapdekar', NULL, NULL, NULL, 0, NULL, NULL, NULL, NULL, 37, '2020-01-24 00:17:31', 0, 14, 2, '2020-01-27 13:05:33', '2020-01-24', NULL, 0, 'hrutikkapdekar305@gmail.com', NULL, 1, '9011285243', NULL, 1, 0, 0, 0, 0, NULL, 0, NULL, 0),
(315, NULL, 'Anuj Agrahri', NULL, NULL, NULL, 0, NULL, NULL, NULL, NULL, 37, '2020-01-24 00:17:54', 0, 2, 2, '2020-01-27 13:08:55', '2020-01-24', NULL, 0, 'ra7706814886@gmail.com', NULL, 1, '7706814886', NULL, 1, 0, 0, 0, 0, NULL, 0, NULL, 0),
(316, NULL, 'Parvez Ansari', NULL, NULL, NULL, 0, NULL, NULL, NULL, NULL, 37, '2020-01-24 00:18:11', 0, 14, 2, '2020-01-27 13:33:07', '2020-01-24', NULL, 0, 'parvezansari731033@gmail.com', NULL, 1, '7081312644', NULL, 1, 0, 0, 0, 0, NULL, 0, NULL, 0),
(317, NULL, 'Vishal chinna thurai nadar', NULL, NULL, NULL, 0, NULL, NULL, NULL, NULL, 39, '2020-01-24 11:22:20', 0, 20, 5, NULL, '2020-01-24', NULL, 0, 'nadarvishal37@gmail.com', NULL, 1, '9372812170', NULL, 0, 0, 0, 0, 0, NULL, 0, NULL, 0),
(318, NULL, 'Arvind', NULL, NULL, NULL, 0, NULL, NULL, NULL, NULL, 37, '2020-01-24 12:50:40', 0, 10, 5, '2020-01-27 16:20:58', '2020-01-24', NULL, 0, 'arvind.londhe@gmail.com', NULL, 1, '9833391175', NULL, 1, 0, 0, 0, 0, NULL, 0, NULL, 0),
(319, NULL, 'Kirti.ganesh ', NULL, NULL, NULL, 0, NULL, NULL, NULL, NULL, 33, '2020-01-25 00:15:28', 0, 9, 5, '2020-02-01 18:11:32', '2020-01-25', NULL, 0, 'Ucallmekirti@gmail.com', NULL, 1, '7738972380', NULL, 1, 0, 0, 0, 0, NULL, 0, NULL, 0),
(320, NULL, 'Aniruddh khargaonkar ', NULL, NULL, NULL, 0, NULL, NULL, NULL, NULL, 42, '2020-01-25 10:17:27', 0, 20, 5, NULL, '2020-01-25', NULL, 0, 'agkhargaonkar77@gmail.com', NULL, 1, '7900011581', NULL, 0, 0, 0, 0, 0, NULL, 0, NULL, 0),
(321, NULL, 'Adarsh Mishra ', NULL, NULL, NULL, 0, NULL, NULL, NULL, NULL, 36, '2020-01-25 11:37:25', 0, 10, 5, '2020-01-27 12:07:06', '2020-01-25', NULL, 0, 'Chandrikaprasad1246@gmail.com', NULL, 1, '8896564152', NULL, 1, 0, 0, 0, 0, NULL, 0, NULL, 0),
(322, NULL, 'Ronak ghatua', NULL, NULL, NULL, 0, NULL, NULL, NULL, NULL, 38, '2020-01-25 14:19:22', 0, 2, 5, '2020-01-27 09:52:27', '2020-01-25', NULL, 0, 'Ronakghatia33@gmail.com', NULL, 1, '8169304238', NULL, 1, 0, 0, 0, 0, NULL, 0, NULL, 0),
(323, NULL, 'Samruddhi', NULL, NULL, NULL, 0, NULL, NULL, NULL, NULL, 42, '2020-01-25 16:05:07', 0, 20, 5, NULL, '2020-01-25', NULL, 0, 'san22tosh@gmail.com', NULL, 1, '7977074203', NULL, 0, 0, 0, 0, 0, NULL, 0, NULL, 0),
(324, NULL, 'Shrutika', NULL, NULL, NULL, 0, NULL, NULL, NULL, NULL, 36, '2020-01-25 21:51:09', 0, 10, 5, '2020-01-27 11:57:12', '2020-01-25', NULL, 0, 'moreshruti003@gmail.com', NULL, 1, '7208911036', NULL, 1, 0, 0, 0, 0, NULL, 0, NULL, 0),
(325, NULL, 'sajed Mallick', NULL, NULL, NULL, 0, NULL, NULL, NULL, NULL, 35, '2020-01-26 01:09:03', 0, 9, 5, '2020-02-13 16:41:28', '2020-01-26', NULL, 0, 'sajedmallick00012@gmail.com', NULL, 1, '7074355272', NULL, 3, 0, 0, 0, 0, NULL, 0, NULL, 0),
(326, NULL, 'Manisha sharma', NULL, NULL, NULL, 0, NULL, NULL, NULL, NULL, 35, '2020-01-26 11:28:18', 0, 11, 5, '2020-01-27 11:07:37', '2020-01-26', NULL, 0, 'ms3038901@gmail.com', NULL, 1, '9136320199', NULL, 1, 0, 0, 0, 0, NULL, 0, NULL, 0),
(327, NULL, 'Sarvesh Patil', NULL, NULL, NULL, 0, NULL, NULL, NULL, NULL, 42, '2020-01-26 12:16:55', 0, 20, 5, NULL, '2020-01-26', NULL, 0, 'patilsarvesh506@gmail.com', NULL, 1, '9987048760', NULL, 0, 0, 0, 0, 0, NULL, 0, NULL, 0),
(328, NULL, 'Tanishq', NULL, NULL, NULL, 0, NULL, NULL, NULL, NULL, 35, '2020-01-26 17:47:42', 0, 11, 5, '2020-01-27 11:09:28', '2020-01-26', NULL, 0, 'pawartanishq93@gmail.com', NULL, 1, '9372313763', NULL, 1, 0, 0, 0, 0, NULL, 0, NULL, 0),
(329, NULL, 'Kajal bhavsar', NULL, NULL, NULL, 0, NULL, NULL, NULL, NULL, 35, '2020-01-26 19:01:57', 0, 14, 5, '2020-01-29 12:02:57', '2020-01-26', NULL, 0, 'kajalbhavsar25@gmail.com', NULL, 1, '9624735787', NULL, 1, 0, 0, 0, 0, NULL, 0, NULL, 0),
(330, NULL, 'Shashikant Agnihotri ', NULL, NULL, NULL, 0, NULL, NULL, NULL, NULL, 42, '2020-01-27 00:49:21', 0, 20, 5, NULL, '2020-01-27', NULL, 0, 'akss.infra@gmail.com', NULL, 1, '9168915012', NULL, 0, 0, 0, 0, 0, NULL, 0, NULL, 0),
(331, NULL, 'Ajay', NULL, NULL, NULL, 0, NULL, NULL, NULL, NULL, 42, '2020-01-26 23:55:51', 0, 20, 2, NULL, '2020-01-26', NULL, 0, 'ajaymane004@gmail.com', NULL, 1, '9004071676', NULL, 0, 0, 0, 0, 0, NULL, 0, NULL, 0),
(332, NULL, 'akshaymhatre', NULL, NULL, NULL, 0, NULL, NULL, NULL, NULL, 37, '2020-01-26 23:56:25', 0, 14, 2, '2020-01-27 16:26:09', '2020-01-26', NULL, 0, 'akshaymhatre455@gmail.com', NULL, 1, '9653394801', NULL, 1, 0, 0, 0, 0, NULL, 0, NULL, 0),
(333, NULL, 'Ajeet Yadav', NULL, NULL, NULL, 0, NULL, NULL, NULL, NULL, 37, '2020-01-26 23:56:56', 0, 9, 2, '2020-01-27 17:47:46', '2020-01-26', NULL, 0, 'ajeetmkp512@gmail.com', NULL, 1, '9820663713', NULL, 1, 0, 0, 0, 0, NULL, 0, NULL, 0),
(334, NULL, 'Satish raika', NULL, NULL, NULL, 0, NULL, NULL, NULL, NULL, 37, '2020-01-26 23:57:15', 0, 9, 2, '2020-01-27 17:59:54', '2020-01-26', NULL, 0, 'chatararam607@gmail.com', NULL, 1, '9182585905', NULL, 1, 0, 0, 0, 0, NULL, 0, NULL, 0),
(335, NULL, 'Bhuwan Budha Xettri', NULL, NULL, NULL, 0, NULL, NULL, NULL, NULL, 37, '2020-01-26 23:57:34', 0, 9, 2, '2020-01-27 18:02:09', '2020-01-26', NULL, 0, 'bhuban.buda.2055@gmail.com', NULL, 1, '9306986322', NULL, 1, 0, 0, 0, 0, NULL, 0, NULL, 0),
(336, NULL, 'pramod kori', NULL, NULL, NULL, 0, NULL, NULL, NULL, NULL, 37, '2020-01-26 23:57:53', 0, 9, 2, '2020-01-27 18:05:20', '2020-01-26', NULL, 0, 'sunnysharma100197@gmail.com', NULL, 1, '7977574849', NULL, 1, 0, 0, 0, 0, NULL, 0, NULL, 0),
(337, NULL, 'Sahil Sawant', NULL, NULL, NULL, 0, NULL, NULL, NULL, NULL, 37, '2020-01-26 23:58:07', 0, 10, 2, '2020-01-27 18:08:08', '2020-01-26', NULL, 0, 'sahilsawant05@gmail.com', NULL, 1, '7738916091', NULL, 1, 0, 0, 0, 0, NULL, 0, NULL, 0),
(338, NULL, 'Richa Rai', NULL, NULL, NULL, 0, NULL, NULL, NULL, NULL, 37, '2020-01-26 23:58:26', 0, 9, 2, '2020-01-27 18:15:21', '2020-01-26', NULL, 0, 'richarai0800.nr@gmail.com', NULL, 1, '8999231130', NULL, 1, 0, 0, 0, 0, NULL, 0, NULL, 0),
(339, NULL, 'Pratik Prakash Pradhan', NULL, NULL, NULL, 0, NULL, NULL, NULL, NULL, 39, '2020-01-27 14:38:01', 0, 20, 5, NULL, '2020-01-27', NULL, 0, 'pradhanpratik1996@gmail.com', NULL, 1, '9011124810', NULL, 0, 0, 0, 0, 0, NULL, 0, NULL, 0),
(340, NULL, 'SAURABH GIRI ', NULL, NULL, NULL, 0, NULL, NULL, NULL, NULL, 33, '2020-01-27 16:04:14', 0, 2, 5, '2020-02-06 12:01:18', '2020-01-27', NULL, 0, 'girisaurabh43@gmail.com', NULL, 1, '8850018303', NULL, 3, 0, 0, 0, 0, NULL, 0, NULL, 0),
(341, NULL, 'suchit sonwane', NULL, NULL, NULL, 0, NULL, NULL, NULL, NULL, 38, '2020-01-27 18:27:33', 0, 11, 5, '2020-01-28 10:00:13', '2020-01-27', NULL, 0, 'shiliv45ft@gmail.com', NULL, 1, '8329336847', NULL, 1, 0, 0, 0, 0, NULL, 0, NULL, 0),
(342, NULL, 'suchit sonwane', NULL, NULL, NULL, 0, NULL, NULL, NULL, NULL, 38, '2020-01-27 18:28:04', 0, 8, 5, '2020-01-28 11:53:03', '2020-01-27', NULL, 0, 'shiliv45ft@gmail.com', NULL, 1, '8329336847', NULL, 1, 0, 0, 0, 0, NULL, 0, NULL, 0),
(343, NULL, 'Laloo kamati ', NULL, NULL, NULL, 0, NULL, NULL, NULL, NULL, 35, '2020-01-27 18:50:43', 0, 11, 5, '2020-01-29 12:01:16', '2020-01-27', NULL, 0, 'lalookamati96@gmail.com', NULL, 1, '8692884637', NULL, 2, 0, 0, 0, 0, NULL, 0, NULL, 0),
(344, NULL, 'Zubeir', NULL, NULL, NULL, 0, NULL, NULL, NULL, NULL, 33, '2020-01-27 20:02:34', 0, 14, 5, '2020-02-03 14:38:47', '2020-01-27', NULL, 0, 'zubuma2019@gmail.com', NULL, 1, '9890084022', NULL, 1, 0, 0, 0, 0, NULL, 0, NULL, 0),
(345, NULL, 'Pramila', NULL, NULL, NULL, 0, NULL, NULL, NULL, NULL, 33, '2020-01-27 23:33:19', 0, 2, 5, '2020-02-06 12:03:35', '2020-01-27', NULL, 0, 'devrukhkarpramila@gmail.com', NULL, 1, '8108130374', NULL, 2, 0, 0, 0, 0, NULL, 0, NULL, 0),
(346, NULL, 'Dammar Saud', NULL, NULL, NULL, 0, NULL, NULL, NULL, NULL, 37, '2020-01-28 02:51:28', 0, 14, 5, '2020-01-28 15:35:12', '2020-01-28', NULL, 0, 'himalsaud2071@gmail.com', NULL, 1, '8657238276', NULL, 1, 0, 0, 0, 0, NULL, 0, NULL, 0),
(347, NULL, 'Jigar', NULL, NULL, NULL, 0, NULL, NULL, NULL, NULL, 33, '2020-01-28 07:42:15', 0, 2, 5, '2020-02-05 17:31:11', '2020-01-28', NULL, 0, 'jigarlalai@gmail.com', NULL, 1, '9594777735', NULL, 2, 0, 0, 0, 0, NULL, 0, NULL, 0),
(348, NULL, 'Ram mahajan', NULL, NULL, NULL, 0, NULL, NULL, NULL, NULL, 36, '2020-01-28 08:36:59', 0, 11, 5, '2020-01-28 08:47:30', '2020-01-28', NULL, 0, 'Rammahajan129@gmail.com', NULL, 1, '8828755760', NULL, 1, 0, 0, 0, 0, NULL, 0, NULL, 0),
(349, NULL, 'Test Lead', NULL, NULL, NULL, 0, NULL, NULL, NULL, NULL, 1, '2020-01-28 13:52:27', 0, 14, 1, '2020-01-28 16:55:28', '2020-01-28', NULL, 0, 'test@digichefs.com', NULL, 1, '9821628186', NULL, 3, 0, 0, 0, 0, NULL, 0, NULL, 0),
(350, NULL, 'Test abc', NULL, NULL, NULL, 0, NULL, NULL, NULL, NULL, 1, '2020-01-28 16:58:47', 0, 14, 1, '2020-01-28 16:59:38', '2020-01-28', NULL, 0, 'testabc@a3pixels.com', NULL, 1, '9821628186', NULL, 2, 0, 0, 0, 0, NULL, 0, NULL, 0),
(351, NULL, 'NITIN SALVE', NULL, NULL, NULL, 0, NULL, NULL, NULL, NULL, 36, '2020-01-28 18:18:22', 0, 10, 5, '2020-02-01 16:56:50', '2020-01-28', NULL, 0, 'neetin01@gmail.com', NULL, 1, '9594444463', NULL, 1, 0, 0, 0, 0, NULL, 0, NULL, 0),
(352, NULL, 'Pooja', NULL, NULL, NULL, 0, NULL, NULL, NULL, NULL, 33, '2020-01-28 18:33:33', 0, 2, 5, '2020-02-06 12:05:39', '2020-01-28', NULL, 0, 'pooja.giri7923@gmail.com', NULL, 1, '8898823460', NULL, 3, 0, 0, 0, 0, NULL, 0, NULL, 0),
(353, NULL, 'rushikesh lokhande', NULL, NULL, NULL, 0, NULL, NULL, NULL, NULL, 36, '2020-01-28 18:33:48', 0, 10, 5, '2020-02-01 16:56:30', '2020-01-28', NULL, 0, 'rishikeshlokhande07@gmail.com', NULL, 1, '8652565736', NULL, 1, 0, 0, 0, 0, NULL, 0, NULL, 0),
(354, NULL, 'Tanushka', NULL, NULL, NULL, 0, NULL, NULL, NULL, NULL, 40, '2020-01-28 19:23:59', 0, 10, 5, '2020-02-03 15:53:11', '2020-01-28', NULL, 0, 'manjuthe78@gmail.com', NULL, 1, '9619334134', NULL, 1, 0, 0, 0, 0, NULL, 0, NULL, 0),
(355, NULL, 'Saiprasad ', NULL, NULL, NULL, 0, NULL, NULL, NULL, NULL, 33, '2020-01-28 19:48:44', 0, 12, 5, '2020-02-06 12:06:11', '2020-01-28', NULL, 0, 'Saiprasad123123@gmail.com', NULL, 1, '8551069306', NULL, 2, 0, 0, 0, 0, NULL, 0, NULL, 0),
(356, NULL, 'Rupali Warik', NULL, NULL, NULL, 0, NULL, NULL, NULL, NULL, 41, '2020-01-28 21:41:25', 0, 20, 5, NULL, '2020-01-28', NULL, 0, 'sawant.rupa1212@gmail.com', NULL, 1, '9870077257', NULL, 0, 0, 0, 0, 0, NULL, 0, NULL, 0),
(357, NULL, 'Saquib Khan', NULL, NULL, NULL, 0, NULL, NULL, NULL, NULL, 39, '2020-01-28 21:57:28', 0, 20, 5, NULL, '2020-01-28', NULL, 0, 'khansaquib97@gmail.com', NULL, 1, '9987876963', NULL, 0, 0, 0, 0, 0, NULL, 0, NULL, 0),
(358, NULL, 'Mahadev', NULL, NULL, NULL, 0, NULL, NULL, NULL, NULL, 35, '2020-01-28 23:59:42', 0, 14, 5, '2020-01-29 12:00:34', '2020-01-28', NULL, 0, 'mahadevshinde645@gmail.com', NULL, 1, '9665401960', NULL, 1, 0, 0, 0, 0, NULL, 0, NULL, 0),
(359, NULL, 'Ramashrai.ramavutar.Vishwakarma', NULL, NULL, NULL, 0, NULL, NULL, NULL, NULL, 37, '2020-01-29 11:04:33', 0, 20, 2, NULL, '2020-01-29', NULL, 0, 'kande.vishwakarma52633@gmail.com', NULL, 1, '8308342067', NULL, 0, 0, 0, 0, 0, NULL, 0, NULL, 0),
(360, NULL, 'itz_hasnainkhan', NULL, NULL, NULL, 0, NULL, NULL, NULL, NULL, 37, '2020-01-29 11:06:51', 0, 9, 2, '2020-01-29 15:37:07', '2020-01-29', NULL, 0, 'khanhasnain14581@gmail.com', NULL, 1, '9730240780', NULL, 1, 0, 0, 0, 0, NULL, 0, NULL, 0),
(361, NULL, 'vishalpanchal9404', NULL, NULL, NULL, 0, NULL, NULL, NULL, NULL, 37, '2020-01-29 11:07:08', 0, 2, 2, '2020-01-29 15:59:09', '2020-01-29', NULL, 0, 'vishal.panchal9404@gmail.com', NULL, 1, '9737719404', NULL, 1, 0, 0, 0, 0, NULL, 0, NULL, 0),
(362, NULL, 'Trupti kamble', NULL, NULL, NULL, 0, NULL, NULL, NULL, NULL, 37, '2020-01-29 11:07:25', 0, 2, 2, '2020-01-29 16:09:17', '2020-01-29', NULL, 0, 'vk6479561@gmail.com', NULL, 1, '9082410550', NULL, 1, 0, 0, 0, 0, NULL, 0, NULL, 0),
(363, NULL, 'Déépàk Aàhír', NULL, NULL, NULL, 0, NULL, NULL, NULL, NULL, 37, '2020-01-29 11:07:40', 0, 9, 2, '2020-01-29 16:12:31', '2020-01-29', NULL, 0, 'deepaky15490@gmail.com', NULL, 1, '9838969134', NULL, 1, 0, 0, 0, 0, NULL, 0, NULL, 0),
(364, NULL, 'Satish Gupta', NULL, NULL, NULL, 0, NULL, NULL, NULL, NULL, 37, '2020-01-29 11:07:54', 0, 9, 2, '2020-01-29 16:27:49', '2020-01-29', NULL, 0, 'satishgupta98353@gmail.com', NULL, 1, '6394509420', NULL, 1, 0, 0, 0, 0, NULL, 0, NULL, 0),
(365, NULL, 'Sonu Vishwakarma', NULL, NULL, NULL, 0, NULL, NULL, NULL, NULL, 37, '2020-01-29 11:08:14', 0, 9, 2, '2020-01-29 16:31:39', '2020-01-29', NULL, 0, 'sangitaviswakarma70@gmail.com', NULL, 1, '7081040318', NULL, 1, 0, 0, 0, 0, NULL, 0, NULL, 0),
(366, NULL, 'Manirul Sk', NULL, NULL, NULL, 0, NULL, NULL, NULL, NULL, 37, '2020-01-29 11:08:31', 0, 14, 2, '2020-01-29 16:33:43', '2020-01-29', NULL, 0, 'manirulsk5496@gmaiil.com', NULL, 1, '9093106795', NULL, 1, 0, 0, 0, 0, NULL, 0, NULL, 0),
(367, NULL, 'nilesh', NULL, NULL, NULL, 0, NULL, NULL, NULL, NULL, 33, '2020-01-29 11:10:12', 0, 11, 2, '2020-02-06 12:08:59', '2020-01-29', NULL, 0, 'nileshsawarkar@gmail.com', NULL, 1, '8422082401', NULL, 3, 0, 0, 0, 0, NULL, 0, NULL, 0),
(368, NULL, 'SURAJ  ASHOK GAIKWAD', NULL, NULL, NULL, 0, NULL, NULL, NULL, NULL, 36, '2020-01-29 12:44:13', 0, 10, 5, '2020-02-03 15:47:21', '2020-01-29', NULL, 0, 'gaikwadsuraj2026@gmail.com', NULL, 1, '7757933542', NULL, 2, 0, 0, 0, 0, NULL, 0, NULL, 0),
(369, NULL, 'SURAJ  ASHOK GAIKWAD', NULL, NULL, NULL, 0, NULL, NULL, NULL, NULL, 42, '2020-01-29 12:44:49', 0, 20, 5, NULL, '2020-01-29', NULL, 0, 'gaikwadsuraj2026@gmail.com', NULL, 1, '7757933542', NULL, 0, 0, 0, 0, 0, NULL, 0, NULL, 0),
(370, NULL, 'Saif Ali gabha', NULL, NULL, NULL, 0, NULL, NULL, NULL, NULL, 40, '2020-01-29 16:53:10', 0, 11, 5, '2020-02-03 15:59:07', '2020-01-29', NULL, 0, 'alijaan9821324053@gmail.com', NULL, 1, '9819910923', NULL, 1, 0, 0, 0, 0, NULL, 0, NULL, 0),
(371, NULL, 'Archana', NULL, NULL, NULL, 0, NULL, NULL, NULL, NULL, 42, '2020-01-29 19:50:26', 0, 20, 5, NULL, '2020-01-29', NULL, 0, 'Aniruddha.Desai@gmail.com', NULL, 1, '9920943776', NULL, 0, 0, 0, 0, 0, NULL, 0, NULL, 0),
(372, NULL, 'Vignesh Kadam', NULL, NULL, NULL, 0, NULL, NULL, NULL, NULL, 39, '2020-01-29 20:14:49', 0, 20, 5, NULL, '2020-01-29', NULL, 0, 'vigneshkadam4@gmail.com', NULL, 1, '9757055129', NULL, 0, 0, 0, 0, 0, NULL, 0, NULL, 0),
(373, NULL, 'Pooja Ramesh Parkar ', NULL, NULL, NULL, 0, NULL, NULL, NULL, NULL, 40, '2020-01-29 21:48:23', 0, 14, 5, '2020-02-17 12:07:03', '2020-01-29', NULL, 0, 'Poojaparkar30@gmail.com', NULL, 1, '9619889456', NULL, 2, 0, 0, 0, 0, NULL, 0, NULL, 0),
(374, NULL, 'Aniket Shrivastava', NULL, NULL, NULL, 0, NULL, NULL, NULL, NULL, 42, '2020-01-30 10:53:36', 0, 20, 2, NULL, '2020-01-30', NULL, 0, 'aniketshrivastava77@gmail.com', NULL, 1, '8319894487', NULL, 0, 0, 0, 0, 0, NULL, 0, NULL, 0),
(375, NULL, 'A.R.K BOYS', NULL, NULL, NULL, 0, NULL, NULL, NULL, NULL, 33, '2020-01-30 10:55:38', 0, 2, 2, '2020-02-06 12:10:10', '2020-01-30', NULL, 0, 'khanabdulrahim2001@gmail.com', NULL, 1, '9136375178', NULL, 3, 0, 0, 0, 0, NULL, 0, NULL, 0),
(376, NULL, 'Shubam ', NULL, NULL, NULL, 0, NULL, NULL, NULL, NULL, 36, '2020-01-30 10:56:13', 0, 9, 2, '2020-01-30 14:18:46', '2020-01-30', NULL, 0, 'shubamguptashubamgupta25486@gmail.com', NULL, 1, '6392580115', NULL, 1, 0, 0, 0, 0, NULL, 0, NULL, 0),
(377, NULL, 'Shubhankar Saiprasad Tajwe', NULL, NULL, NULL, 0, NULL, NULL, NULL, NULL, 33, '2020-01-30 10:56:35', 0, 2, 2, '2020-02-06 12:11:25', '2020-01-30', NULL, 0, 'shubhankart79@gmail.com', NULL, 1, '9967517640', NULL, 3, 0, 0, 0, 0, NULL, 0, NULL, 0),
(378, NULL, 'DHANESH', NULL, NULL, NULL, 0, NULL, NULL, NULL, NULL, 42, '2020-01-30 10:57:01', 0, 20, 2, NULL, '2020-01-30', NULL, 0, 'dhaneshshinde678@gmail.com', NULL, 1, '9762363749', NULL, 0, 0, 0, 0, 0, NULL, 0, NULL, 0),
(379, NULL, 'Jose', NULL, NULL, NULL, 0, NULL, NULL, NULL, NULL, 37, '2020-01-30 12:35:55', 0, 10, 5, '2020-01-31 14:50:30', '2020-01-30', NULL, 0, 'mathewjosethomas@gmail.com', NULL, 1, '9768877701', NULL, 1, 0, 0, 0, 0, NULL, 0, NULL, 0),
(380, NULL, ' Shamant R Poojary ', NULL, NULL, NULL, 0, NULL, NULL, NULL, NULL, 33, '2020-01-30 14:02:31', 0, 2, 5, '2020-02-06 12:12:57', '2020-01-30', NULL, 0, 'shashisura19@gmail.com', NULL, 1, '8425874797', NULL, 3, 0, 0, 0, 0, NULL, 0, NULL, 0),
(381, NULL, 'Manirul sk', NULL, NULL, NULL, 0, NULL, NULL, NULL, NULL, 41, '2020-01-30 14:15:55', 0, 20, 5, NULL, '2020-01-30', NULL, 0, 'manirulsk5496@gmail.com', NULL, 1, '8927054692', NULL, 0, 0, 0, 0, 0, NULL, 0, NULL, 0),
(382, NULL, 'Vipul karekar', NULL, NULL, NULL, 0, NULL, NULL, NULL, NULL, 41, '2020-01-30 18:34:43', 0, 20, 5, NULL, '2020-01-30', NULL, 0, 'v.karekar676@gmail.com', NULL, 1, '7977658637', NULL, 0, 0, 0, 0, 0, NULL, 0, NULL, 0),
(383, NULL, 'Tanmay Gaikwad', NULL, NULL, NULL, 0, NULL, NULL, NULL, NULL, 35, '2020-01-30 21:09:00', 0, 2, 5, '2020-02-13 16:23:05', '2020-01-30', NULL, 0, 'gtanmay59@gmail.com', NULL, 1, '8805797952', NULL, 2, 0, 0, 0, 0, NULL, 0, NULL, 0),
(384, NULL, 'kaustubh Tayade', NULL, NULL, NULL, 0, NULL, NULL, NULL, NULL, 35, '2020-01-30 21:43:26', 0, 14, 5, '2020-02-01 14:20:04', '2020-01-30', NULL, 0, 'kaustubhtayade02@gmail.com', NULL, 1, '9556702137', NULL, 1, 0, 0, 0, 0, NULL, 0, NULL, 0),
(385, NULL, 'Chetana Pawar', NULL, NULL, NULL, 0, NULL, NULL, NULL, NULL, 41, '2020-01-30 22:58:03', 0, 20, 5, NULL, '2020-01-30', NULL, 0, 'chetanapawar10@gmail.com', NULL, 1, '9834401928', NULL, 0, 0, 0, 0, 0, NULL, 0, NULL, 0),
(386, NULL, 'Namrata ghadge', NULL, NULL, NULL, 0, NULL, NULL, NULL, NULL, 41, '2020-01-31 00:21:59', 0, 20, 5, NULL, '2020-01-31', NULL, 0, 'namughadge.97@gmail.com', NULL, 1, '7506745706', NULL, 0, 0, 0, 0, 0, NULL, 0, NULL, 0),
(387, NULL, 'Arjun Timilsena', NULL, NULL, NULL, 0, NULL, NULL, NULL, NULL, 41, '2020-01-31 11:10:39', 0, 20, 2, NULL, '2020-01-31', NULL, 0, 'arjuntimilsena5@gmail.com', NULL, 1, '6362101802', NULL, 0, 0, 0, 0, 0, NULL, 0, NULL, 0),
(388, NULL, 'Harsh Dand', NULL, NULL, NULL, 0, NULL, NULL, NULL, NULL, 33, '2020-01-31 11:10:59', 0, 11, 2, '2020-02-03 14:40:34', '2020-01-31', NULL, 0, 'harshdand1205@gmail.com', NULL, 1, '9619690539', NULL, 1, 0, 0, 0, 0, NULL, 0, NULL, 0),
(389, NULL, 'Rohit Kadam', NULL, NULL, NULL, 0, NULL, NULL, NULL, NULL, 42, '2020-01-31 11:11:50', 0, 20, 2, NULL, '2020-01-31', NULL, 0, 'kadamrohit344@gmail.com', NULL, 1, '9604076463', NULL, 0, 0, 0, 0, 0, NULL, 0, NULL, 0),
(390, NULL, 'Hiral', NULL, NULL, NULL, 0, NULL, NULL, NULL, NULL, 37, '2020-01-31 11:49:16', 0, 8, 5, '2020-01-31 16:13:02', '2020-01-31', NULL, 0, 'Hiralsamitshah@gmail.com', NULL, 1, '9820089102', NULL, 2, 0, 0, 0, 0, NULL, 0, NULL, 0),
(391, NULL, 'Prachi David Chowdhary ', NULL, NULL, NULL, 0, NULL, NULL, NULL, NULL, 35, '2020-01-31 14:39:42', 0, 11, 5, '2020-02-01 14:14:28', '2020-01-31', NULL, 0, 'chowdhary.prachi@gmail.com', NULL, 1, '9004958486', NULL, 1, 0, 0, 0, 0, NULL, 0, NULL, 0),
(392, NULL, 'Suma', NULL, NULL, NULL, 0, NULL, NULL, NULL, NULL, 33, '2020-02-01 17:23:06', 0, 10, 5, '2020-02-20 14:49:40', '2020-02-01', NULL, 0, 'sumangala_d@yahoo.com', NULL, 1, '8291597793', NULL, 2, 0, 0, 0, 0, NULL, 0, NULL, 0),
(393, NULL, 'Leku Alex', NULL, NULL, NULL, 0, NULL, NULL, NULL, NULL, 41, '2020-02-03 11:17:59', 0, 20, 2, NULL, '2020-02-03', NULL, 0, 'Lekualex@gmail.com', NULL, 1, '9207003042', NULL, 0, 0, 0, 0, 0, NULL, 0, NULL, 0),
(394, NULL, 'Roshni pawar', NULL, NULL, NULL, 0, NULL, NULL, NULL, NULL, 33, '2020-02-03 18:38:00', 0, 11, 5, '2020-02-20 14:49:20', '2020-02-03', NULL, 0, 'proshani924@gmail.com', NULL, 1, '7666566129', NULL, 3, 0, 0, 0, 0, NULL, 0, NULL, 0),
(395, NULL, 'Ravina patankar', NULL, NULL, NULL, 0, NULL, NULL, NULL, NULL, 35, '2020-02-03 20:56:22', 0, 11, 5, '2020-02-04 20:25:44', '2020-02-03', NULL, 0, 'Ravinapatankar98@gmail.com', NULL, 1, '7249807282', NULL, 1, 0, 0, 0, 0, NULL, 0, NULL, 0),
(396, NULL, 'Arpreet Gupta', NULL, NULL, NULL, 0, NULL, NULL, NULL, NULL, 35, '2020-02-04 11:15:07', 0, 10, 5, '2020-02-04 20:27:53', '2020-02-04', NULL, 0, 'arpreetgupta896@gmail.com', NULL, 1, '8928352595', NULL, 1, 0, 0, 0, 0, NULL, 0, NULL, 0),
(397, NULL, 'Kiran ', NULL, NULL, NULL, 0, NULL, NULL, NULL, NULL, 35, '2020-02-04 12:53:53', 0, 12, 5, '2020-02-04 20:26:56', '2020-02-04', NULL, 0, 'kiranlatke21@gmail.com', NULL, 1, '8424041675', NULL, 1, 0, 0, 0, 0, NULL, 0, NULL, 0),
(398, NULL, 'Saurabh kushwaha', NULL, NULL, NULL, 0, NULL, NULL, NULL, NULL, 35, '2020-02-04 19:47:47', 0, 12, 5, '2020-02-13 16:11:47', '2020-02-04', NULL, 0, 'rachanak2794@gmail.com', NULL, 1, '9648776213', NULL, 2, 0, 0, 0, 0, NULL, 0, NULL, 0),
(399, NULL, 'Amita More', NULL, NULL, NULL, 0, NULL, NULL, NULL, NULL, 35, '2020-02-05 15:13:38', 0, 2, 5, '2020-02-05 15:22:16', '2020-02-05', NULL, 0, 'Moreami2815@email.com', NULL, 1, '9561235676', NULL, 1, 0, 0, 0, 0, NULL, 0, NULL, 0),
(400, NULL, 'Ranjan choudhari ', NULL, NULL, NULL, 0, NULL, NULL, NULL, NULL, 35, '2020-02-05 18:29:35', 0, 10, 5, '2020-02-06 18:23:06', '2020-02-05', NULL, 0, 'ranjanggt@gmail.com', NULL, 1, '7208365016', NULL, 1, 0, 0, 0, 0, NULL, 0, NULL, 0),
(401, NULL, 'Kennerhanjelo Dias', NULL, NULL, NULL, 0, NULL, NULL, NULL, NULL, 35, '2020-02-05 18:34:35', 0, 2, 5, '2020-02-06 18:20:10', '2020-02-05', NULL, 0, 'kennethanjelo@gmail.com', NULL, 1, '8097014590', NULL, 1, 0, 0, 0, 0, NULL, 0, NULL, 0),
(402, NULL, 'Saloni Mittal', NULL, NULL, NULL, 0, NULL, NULL, NULL, NULL, 35, '2020-02-05 19:02:04', 0, 10, 5, '2020-02-06 14:59:04', '2020-02-05', NULL, 0, 'mittalsaloni46@gmail.com', NULL, 1, '7977447545', NULL, 1, 0, 0, 0, 0, NULL, 0, NULL, 0),
(403, NULL, 'Bheekhsingh', NULL, NULL, NULL, 0, NULL, NULL, NULL, NULL, 35, '2020-02-06 10:52:53', 0, 12, 5, '2020-02-13 16:04:15', '2020-02-06', NULL, 0, 'jodhabheekhsingh@gmail.com', NULL, 1, '9970129353', NULL, 2, 0, 0, 0, 0, NULL, 0, NULL, 0),
(404, NULL, 'Tejas', NULL, NULL, NULL, 0, NULL, NULL, NULL, NULL, 35, '2020-02-06 11:13:55', 0, 12, 5, '2020-02-06 18:16:11', '2020-02-06', NULL, 0, 'TEJAS007IUSER@GMAIL.COM', NULL, 1, '8796066953', NULL, 2, 0, 0, 0, 0, NULL, 0, NULL, 0),
(405, NULL, 'Sagar chandrakant shelar', NULL, NULL, NULL, 0, NULL, NULL, NULL, NULL, 35, '2020-02-06 15:43:04', 0, 10, 5, '2020-02-06 20:54:50', '2020-02-06', NULL, 0, 'shelarsagar22798@gmail.com', NULL, 1, '8855070064', NULL, 3, 0, 0, 0, 0, NULL, 0, NULL, 0),
(406, NULL, 'Vivek sharma', NULL, NULL, NULL, 0, NULL, NULL, NULL, NULL, 35, '2020-02-06 18:53:12', 0, 10, 5, '2020-02-06 19:09:58', '2020-02-06', NULL, 0, 'Viveksharma19985@gmail.com', NULL, 1, '9702751124', NULL, 1, 0, 0, 0, 0, NULL, 0, NULL, 0),
(407, NULL, 'Gaurav yadav', NULL, NULL, NULL, 0, NULL, NULL, NULL, NULL, 35, '2020-02-07 08:16:15', 0, 2, 5, '2020-02-07 12:28:06', '2020-02-07', NULL, 0, 'gauravyadav00722@gmail.com', NULL, 1, '7570996972', NULL, 1, 0, 0, 0, 0, NULL, 0, NULL, 0),
(408, NULL, 'Rekha Nambiar', NULL, NULL, NULL, 0, NULL, NULL, NULL, NULL, 35, '2020-02-07 20:28:40', 0, 10, 5, '2020-02-10 13:38:12', '2020-02-07', NULL, 0, 'rekhaajithnambiar@gmail.com', NULL, 1, '9869810883', NULL, 1, 0, 0, 0, 0, NULL, 0, NULL, 0),
(409, NULL, 'Parth Raja', NULL, NULL, NULL, 0, NULL, NULL, NULL, NULL, 35, '2020-02-08 13:08:29', 0, 2, 5, '2020-02-10 13:39:21', '2020-02-08', NULL, 0, 'rajaparthx148@gmail.com', NULL, 1, '9136315955', NULL, 1, 0, 0, 0, 0, NULL, 0, NULL, 0),
(410, NULL, 'Pratik Dhage', NULL, NULL, NULL, 0, NULL, NULL, NULL, NULL, 35, '2020-02-08 22:35:10', 0, 2, 5, '2020-02-10 13:41:17', '2020-02-08', NULL, 0, 'pratikdhage27@gmail.com', NULL, 1, '8169491001', NULL, 1, 0, 0, 0, 0, NULL, 0, NULL, 0),
(411, NULL, 'Steven Menezes', NULL, NULL, NULL, 0, NULL, NULL, NULL, NULL, 35, '2020-02-09 16:07:36', 0, 10, 5, '2020-02-10 13:43:16', '2020-02-09', NULL, 0, 'stevenmenezes29@gmail.com', NULL, 1, '9619528765', NULL, 1, 0, 0, 0, 0, NULL, 0, NULL, 0),
(412, NULL, 'Rashmi Jain', NULL, NULL, NULL, 0, NULL, NULL, NULL, NULL, 35, '2020-02-09 18:49:21', 0, 2, 5, '2020-02-10 13:43:49', '2020-02-09', NULL, 0, 'rash.jain11@gmail.com', NULL, 1, '9167479582', NULL, 1, 0, 0, 0, 0, NULL, 0, NULL, 0),
(413, NULL, 'Faisal Patel', NULL, NULL, NULL, 0, NULL, NULL, NULL, NULL, 35, '2020-02-10 16:47:44', 0, 2, 5, '2020-02-13 13:19:07', '2020-02-10', NULL, 0, 'faisalpatel7861@gmail.com', NULL, 1, '9987656397', NULL, 2, 0, 0, 0, 0, NULL, 0, NULL, 0),
(414, NULL, 'Pintu ', NULL, NULL, NULL, 0, NULL, NULL, NULL, NULL, 35, '2020-02-10 21:24:07', 0, 2, 5, '2020-02-12 12:17:28', '2020-02-10', NULL, 0, 'pintuyadav7467@gmail.com', NULL, 1, '7977758949', NULL, 2, 0, 0, 0, 0, NULL, 0, NULL, 0),
(415, NULL, 'MAZEEN', NULL, NULL, NULL, 0, NULL, NULL, NULL, NULL, 35, '2020-02-11 14:04:47', 0, 2, 5, '2020-02-13 13:03:31', '2020-02-11', NULL, 0, 'mazeenkazi29@gmail.com', NULL, 1, '7498899872', NULL, 3, 0, 0, 0, 0, NULL, 0, NULL, 0),
(416, NULL, 'Sameer khan', NULL, NULL, NULL, 0, NULL, NULL, NULL, NULL, 35, '2020-02-11 14:22:53', 0, 10, 5, '2020-02-12 12:15:33', '2020-02-11', NULL, 0, 'Khans1177@gmail.com', NULL, 1, '8521076094', NULL, 1, 0, 0, 0, 0, NULL, 0, NULL, 0),
(417, NULL, 'Bhakti Jangla ', NULL, NULL, NULL, 0, NULL, NULL, NULL, NULL, 35, '2020-02-11 21:31:50', 0, 2, 5, '2020-02-12 14:23:45', '2020-02-11', NULL, 0, 'bhaktij01@gmail.com', NULL, 1, '8828036751', NULL, 1, 0, 0, 0, 0, NULL, 0, NULL, 0),
(418, NULL, 'Janhavi', NULL, NULL, NULL, 0, NULL, NULL, NULL, NULL, 35, '2020-02-12 12:13:45', 0, 14, 5, '2020-02-12 14:20:11', '2020-02-12', NULL, 0, 'janvidave42@gmail.com', NULL, 1, '9408526520', NULL, 1, 0, 0, 0, 0, NULL, 0, NULL, 0),
(419, NULL, 'Tanmay wasnik', NULL, NULL, NULL, 0, NULL, NULL, NULL, NULL, 35, '2020-02-12 13:15:55', 0, 10, 5, '2020-02-13 15:21:35', '2020-02-12', NULL, 0, 'tanmaywasnik03@gmail.com', NULL, 1, '9920072824', NULL, 3, 0, 0, 0, 0, NULL, 0, NULL, 0),
(420, NULL, 'PRATIK ', NULL, NULL, NULL, 0, NULL, NULL, NULL, NULL, 35, '2020-02-12 21:17:10', 0, 10, 5, '2020-02-18 15:40:34', '2020-02-12', NULL, 0, 'jinturkarpratik@gmail.com', NULL, 1, '8097182313', NULL, 2, 0, 0, 0, 0, NULL, 0, NULL, 0),
(421, NULL, 'Hrudyesh Naik', NULL, NULL, NULL, 0, NULL, NULL, NULL, NULL, 35, '2020-02-25 13:56:56', 0, 20, 5, NULL, '2020-02-25', NULL, 0, 'hrudyeshnaik16.hn@gmail.com', NULL, 1, '9029000023', NULL, 0, 0, 0, 0, 0, NULL, 0, NULL, 0),
(422, NULL, 'Shivshankar Vinod Rajber', NULL, NULL, NULL, 0, NULL, NULL, NULL, NULL, 35, '2020-03-17 19:39:37', 0, 20, 5, NULL, '2020-03-17', NULL, 0, 'rajbershivshankar@gmail.com', NULL, 1, '7447570172', NULL, 0, 0, 0, 0, 0, NULL, 0, NULL, 0),
(423, NULL, 'yatharth soni', NULL, NULL, NULL, 0, NULL, NULL, NULL, NULL, 35, '2020-03-19 15:55:58', 0, 20, 5, NULL, '2020-03-19', NULL, 0, 'yatharth123m@gmail.com', NULL, 1, '7587766775', NULL, 0, 0, 0, 0, 0, NULL, 0, NULL, 0);

-- --------------------------------------------------------

--
-- Table structure for table `tblleadssources`
--

CREATE TABLE `tblleadssources` (
  `id` int(11) NOT NULL,
  `name` varchar(150) NOT NULL
) ENGINE=MyISAM DEFAULT CHARSET=utf8;

--
-- Dumping data for table `tblleadssources`
--

INSERT INTO `tblleadssources` (`id`, `name`) VALUES
(1, 'Google'),
(2, 'Facebook'),
(5, 'WebToLead');

-- --------------------------------------------------------

--
-- Table structure for table `tblleadsstatus`
--

CREATE TABLE `tblleadsstatus` (
  `id` int(11) NOT NULL,
  `name` varchar(50) NOT NULL,
  `statusorder` int(11) DEFAULT NULL,
  `color` varchar(10) DEFAULT '#28B8DA',
  `isdefault` int(11) NOT NULL DEFAULT 0
) ENGINE=MyISAM DEFAULT CHARSET=utf8;

--
-- Dumping data for table `tblleadsstatus`
--

INSERT INTO `tblleadsstatus` (`id`, `name`, `statusorder`, `color`, `isdefault`) VALUES
(2, 'Busy-Call Back Later', 1, '#000000', 0),
(8, 'Duplicate Lead', NULL, '#28B8DA', 0),
(9, 'Not Interested', NULL, '#28B8DA', 0),
(10, 'Follow Up', NULL, '#28B8DA', 0),
(11, 'Interested', NULL, '#28B8DA', 0),
(12, 'Irrelevant lead', NULL, '#28B8DA', 0),
(14, 'Call Couldn\'t Connect', NULL, '#28B8DA', 0),
(18, 'Admission completed', NULL, '#28B8DA', 0),
(20, 'New Lead', NULL, '#28B8DA', 0);

-- --------------------------------------------------------

--
-- Table structure for table `tblstaff`
--

CREATE TABLE `tblstaff` (
  `staffid` int(11) NOT NULL,
  `email` varchar(100) NOT NULL,
  `firstname` varchar(50) NOT NULL,
  `lastname` varchar(50) NOT NULL,
  `facebook` mediumtext DEFAULT NULL,
  `linkedin` mediumtext DEFAULT NULL,
  `phonenumber` varchar(30) DEFAULT NULL,
  `skype` varchar(50) DEFAULT NULL,
  `password` varchar(250) NOT NULL,
  `datecreated` datetime NOT NULL,
  `profile_image` varchar(300) DEFAULT NULL,
  `last_ip` varchar(40) DEFAULT NULL,
  `last_login` datetime DEFAULT NULL,
  `last_activity` datetime DEFAULT NULL,
  `last_password_change` datetime DEFAULT NULL,
  `new_pass_key` varchar(32) DEFAULT NULL,
  `new_pass_key_requested` datetime DEFAULT NULL,
  `admin` int(11) NOT NULL DEFAULT 0,
  `role` int(11) DEFAULT NULL,
  `active` int(11) NOT NULL DEFAULT 1,
  `default_language` varchar(40) DEFAULT NULL,
  `direction` varchar(3) DEFAULT NULL,
  `media_path_slug` varchar(300) DEFAULT NULL,
  `is_not_staff` int(11) NOT NULL DEFAULT 0,
  `hourly_rate` decimal(15,2) NOT NULL DEFAULT 0.00,
  `two_factor_auth_enabled` tinyint(1) DEFAULT 0,
  `two_factor_auth_code` varchar(100) DEFAULT NULL,
  `two_factor_auth_code_requested` datetime DEFAULT NULL,
  `email_signature` text DEFAULT NULL
) ENGINE=MyISAM DEFAULT CHARSET=utf8;

--
-- Dumping data for table `tblstaff`
--

INSERT INTO `tblstaff` (`staffid`, `email`, `firstname`, `lastname`, `facebook`, `linkedin`, `phonenumber`, `skype`, `password`, `datecreated`, `profile_image`, `last_ip`, `last_login`, `last_activity`, `last_password_change`, `new_pass_key`, `new_pass_key_requested`, `admin`, `role`, `active`, `default_language`, `direction`, `media_path_slug`, `is_not_staff`, `hourly_rate`, `two_factor_auth_enabled`, `two_factor_auth_code`, `two_factor_auth_code_requested`, `email_signature`) VALUES
(1, 'niteshwashivale@gmail.com', 'Nitesh', 'Washivale', NULL, NULL, '9821628186', NULL, '1d7e9abcb28ed5ef05a598dc9f96ee1f', '2019-07-09 14:24:34', NULL, '::1', '2019-07-10 08:27:51', '2019-07-10 09:18:53', NULL, NULL, NULL, 2, NULL, 1, 'english', NULL, NULL, 0, 0.00, 0, NULL, NULL, NULL),
(36, 'sandeepa@arenavashi.com', 'Arena', 'Vashi', NULL, NULL, '7666622224', NULL, '07a5dc0c705947ca507211e095d15cdd', '2019-12-09 05:40:31', NULL, NULL, NULL, NULL, NULL, NULL, NULL, 0, NULL, 1, NULL, NULL, NULL, 0, 0.00, 0, NULL, NULL, NULL),
(30, 'deep@digichefs.com', 'Deep', 'Mehta', NULL, NULL, '123456789', NULL, '4c53fefb45df3013ff3f984878a9c552', '2019-10-06 01:45:51', NULL, NULL, NULL, NULL, NULL, NULL, NULL, 2, NULL, 1, NULL, NULL, NULL, 0, 0.00, 0, NULL, NULL, NULL),
(42, 'ajay.patil977@gmail.com', 'Arena', 'Panvel', NULL, NULL, '1234567890', NULL, 'a2cbd668f64d641524afd9a426802cbe', '2019-12-27 00:28:09', NULL, NULL, NULL, NULL, NULL, NULL, NULL, 0, NULL, 1, NULL, NULL, NULL, 0, 0.00, 0, NULL, NULL, NULL),
(33, 'arena_ghatkopar@yahoo.com', 'Arena', 'Ghatkopar', NULL, NULL, '9320750505', NULL, '777e97dc94d28f935fe8cb6662cdf738', '2019-12-09 05:35:31', NULL, NULL, NULL, NULL, NULL, NULL, NULL, 0, NULL, 1, NULL, NULL, NULL, 0, 0.00, 0, NULL, NULL, NULL),
(34, 'arena.thane@gmail.com', 'Arena', 'Thane', NULL, NULL, '9867279057', NULL, 'e878d03df7ea1bfaef4d4cf2e8b2608e', '2019-12-09 05:36:45', NULL, NULL, NULL, NULL, NULL, NULL, NULL, 0, NULL, 1, NULL, NULL, NULL, 0, 0.00, 0, NULL, NULL, NULL),
(35, 'arenaandheri@yahoo.co.in', 'Arena', 'Andheri', NULL, NULL, '9967973938', NULL, '51af5a6b0fbcc29491f7db04bc3b21bd', '2019-12-09 05:38:53', NULL, NULL, NULL, NULL, NULL, NULL, NULL, 0, NULL, 1, NULL, NULL, NULL, 0, 0.00, 0, NULL, NULL, NULL),
(37, 'jeetu@arenavashi.com', 'Arena', 'Sion', NULL, NULL, '9619133848', NULL, '07a5dc0c705947ca507211e095d15cdd', '2019-12-09 05:41:12', NULL, NULL, NULL, NULL, NULL, NULL, NULL, 0, NULL, 1, NULL, NULL, NULL, 0, 0.00, 0, NULL, NULL, NULL),
(38, 'dnaeducare@gmail.com', 'Arena', 'Goregaon', NULL, NULL, '9892991188', NULL, '25d55ad283aa400af464c76d713c07ad', '2019-12-09 05:42:22', NULL, NULL, NULL, NULL, NULL, NULL, NULL, 0, NULL, 1, NULL, NULL, NULL, 0, 0.00, 0, NULL, NULL, NULL),
(39, 'sonajiandani@gmail.com', 'Arena', 'Chembur', NULL, NULL, '9699116424', NULL, '2a9190a61d80b4cfb89fe5e74c164d70', '2019-12-09 05:43:00', NULL, NULL, NULL, NULL, NULL, NULL, NULL, 0, NULL, 1, NULL, NULL, NULL, 0, 0.00, 0, NULL, NULL, NULL),
(40, 'fortarena@gmail.com', 'Arena ', 'Fort', NULL, NULL, '9821208054', NULL, '67019d511dca846c8b9148c3bb732483', '2019-12-09 05:43:47', NULL, NULL, NULL, NULL, NULL, NULL, NULL, 0, NULL, 1, NULL, NULL, NULL, 0, 0.00, 0, NULL, NULL, NULL),
(41, 'pooja.gandhi2004@gmail.com', 'Arena', 'Dadar', NULL, NULL, '9833651545', NULL, '67091ab11208b093f0294d8de1c4ed87', '2019-12-09 05:44:28', NULL, NULL, NULL, NULL, NULL, NULL, NULL, 0, NULL, 1, NULL, NULL, NULL, 0, 0.00, 0, NULL, NULL, NULL);

--
-- Indexes for dumped tables
--

--
-- Indexes for table `password_resets`
--
ALTER TABLE `password_resets`
  ADD PRIMARY KEY (`id`);

--
-- Indexes for table `subscription`
--
ALTER TABLE `subscription`
  ADD PRIMARY KEY (`id`);

--
-- Indexes for table `tblleadactivitylog`
--
ALTER TABLE `tblleadactivitylog`
  ADD PRIMARY KEY (`id`);

--
-- Indexes for table `tblleads`
--
ALTER TABLE `tblleads`
  ADD PRIMARY KEY (`id`),
  ADD KEY `assigned` (`assigned`),
  ADD KEY `status` (`status`),
  ADD KEY `source` (`source`),
  ADD KEY `lastcontact` (`lastcontact`),
  ADD KEY `dateadded` (`dateadded`),
  ADD KEY `leadorder` (`leadorder`),
  ADD KEY `from_form_id` (`from_form_id`);

--
-- Indexes for table `tblleadssources`
--
ALTER TABLE `tblleadssources`
  ADD PRIMARY KEY (`id`),
  ADD KEY `name` (`name`);

--
-- Indexes for table `tblleadsstatus`
--
ALTER TABLE `tblleadsstatus`
  ADD PRIMARY KEY (`id`),
  ADD KEY `name` (`name`);

--
-- Indexes for table `tblstaff`
--
ALTER TABLE `tblstaff`
  ADD PRIMARY KEY (`staffid`),
  ADD KEY `firstname` (`firstname`),
  ADD KEY `lastname` (`lastname`);

--
-- AUTO_INCREMENT for dumped tables
--

--
-- AUTO_INCREMENT for table `password_resets`
--
ALTER TABLE `password_resets`
  MODIFY `id` int(11) NOT NULL AUTO_INCREMENT, AUTO_INCREMENT=14;

--
-- AUTO_INCREMENT for table `subscription`
--
ALTER TABLE `subscription`
  MODIFY `id` int(11) NOT NULL AUTO_INCREMENT, AUTO_INCREMENT=2;

--
-- AUTO_INCREMENT for table `tblleadactivitylog`
--
ALTER TABLE `tblleadactivitylog`
  MODIFY `id` int(11) NOT NULL AUTO_INCREMENT, AUTO_INCREMENT=449;

--
-- AUTO_INCREMENT for table `tblleads`
--
ALTER TABLE `tblleads`
  MODIFY `id` int(11) NOT NULL AUTO_INCREMENT, AUTO_INCREMENT=424;

--
-- AUTO_INCREMENT for table `tblleadssources`
--
ALTER TABLE `tblleadssources`
  MODIFY `id` int(11) NOT NULL AUTO_INCREMENT, AUTO_INCREMENT=7;

--
-- AUTO_INCREMENT for table `tblleadsstatus`
--
ALTER TABLE `tblleadsstatus`
  MODIFY `id` int(11) NOT NULL AUTO_INCREMENT, AUTO_INCREMENT=22;

--
-- AUTO_INCREMENT for table `tblstaff`
--
ALTER TABLE `tblstaff`
  MODIFY `staffid` int(11) NOT NULL AUTO_INCREMENT, AUTO_INCREMENT=43;
COMMIT;

/*!40101 SET CHARACTER_SET_CLIENT=@OLD_CHARACTER_SET_CLIENT */;
/*!40101 SET CHARACTER_SET_RESULTS=@OLD_CHARACTER_SET_RESULTS */;
/*!40101 SET COLLATION_CONNECTION=@OLD_COLLATION_CONNECTION */;
